,title,score,id,url,comms_num,created,body
0,Scientist Stephen Hawking has died aged 76,188179,84aebi,http://news.sky.com/story/scientist-stephen-hawking-has-died-aged-76-11289119,6997,1521027928,
1,F.C.C. Announces Plan to Repeal Net Neutrality,177997,7ej943,https://www.nytimes.com/2017/11/21/technology/fcc-net-neutrality.html,10950,1511312193,
2,Report: Stan Lee dead at 95 - Story,155165,9wgrdf,http://www.fox46charlotte.com/news/report-stan-lee-dead-at-95,6487,1542077284,
3,Arizona Senator John McCain has passed away at the age of 81,154723,9abi3e,https://www.abc15.com/news/state/arizona-senator-john-mccain-has-passed-away-at-the-age-of-81,11786,1535271678,
4,"Apple admits it slows older iPhones, confirming Geekbench report",149911,7l4s0r,https://www.cnet.com/news/apple-iphone-6-6s-7-ios-slow-downs-older-iphones-lithium-ion-batteries/#ftag=CAD-09-10aai5b,13282,1513835953,
5,Net Neutrality Overturned,147342,7jtexm,https://www.nytimes.com/2017/12/14/technology/net-neutrality-repeal-vote.html,18508,1513304008,
6,Former President George H.W. Bush Dies at 94,128874,a203bi,https://www.nbcdfw.com/news/local/Former-President-George-HW-Bush-Dies-184974861.html,9890,1543668883,
7,Japanese firm gives non-smokers extra six days holiday to compensate for cigarette break,126712,79v2cg,http://www.independent.co.uk/news/world/asia/japanese-firm-piala-inc-tokyo-non-smokers-extra-six-days-holiday-cigarette-break-a8028541.html,4978,1509477637,
8,#DeleteFacebook Movement Gains Steam After 50 Million Users Have Data Leaked,124448,85osel,https://www.thewrap.com/delete-facebook-twitter-cambridge-analytica/,6919,1521536525,
9,Chester Bennington of Linkin Park commits suicide,123956,6oi3gu,http://wtkr.com/2017/07/20/tmz-report-chester-bennington-of-linkin-park-commits-suicide/,15964,1500603263,
10,U.S. President Donald Trump fired the federal government's top lawyer Sally Yates on Monday after she took the extraordinarily rare step of defying the White House and refused to defend new travel restrictions targeting seven Muslim-majority nations.,121532,5r5qx4,http://www.reuters.com/article/us-usa-trump-immigration-idUSKBN15E1DE,16686,1485861938,
11,Comcast quietly drops promise not to charge tolls for Internet fast lanes,116782,7fwv10,https://arstechnica.com/tech-policy/2017/11/comcast-quietly-drops-promise-not-to-charge-tolls-for-internet-fast-lanes/,3520,1511833114,
12,Bill Cosby found guilty on all sex assault charges,116509,8f4nlp,http://abc7chicago.com/jury-reaches-verdict-in-bill-cosby-sex-assault-retrial/3394442/,9043,1524793869,
13,Hospitals will have to post prices online starting January 1,116418,a9vtj4,http://www.fox5dc.com/health/hospitals-will-have-to-post-prices-online-starting-january-1,7367,1545912947,
14,"Nearly 200,000 people have signed a petition to have Logan Paul kicked off YouTube after controversy over his filming of a dead body in Japan's 'Suicide Forest'",111613,7odx4v,http://www.thisisinsider.com/logan-paul-change-org-petition-removed-from-youtube-2018-1,8055,1515211931,
15,Japanese police want to question Logan Paul,110660,7omqmr,https://pagesix.com/2018/01/04/japanese-police-want-to-question-logan-paul/?utm_campaign=SocialFlow&utm_source=P6Twitter&utm_medium=SocialFlow,9785,1515309063,
16,James Comey terminated as Director of FBI,110060,6a8ji6,http://abcn.ws/2qPcnnU,23321,149439536,
17,"American Icon and Playboy Founder, Hugh M. Hefner, Has Died",108355,72xfdb,http://www.prnewswire.com/news-releases/american-icon-and-playboy-founder-hugh-m-hefner-has-died-300527267.html,7010,1506596844,
18,'Pharma bro' Martin Shkreli sentenced to 7 years in prison,108116,839555,https://www.cnbc.com/2018/03/09/pharma-bro-martin-shkreli-sentenced-to-7-years-in-prison.html,8849,152065065,
19,"Thailand cave rescue: All 12 boys, coach freed, latest updates",107841,8xo9qj,https://www.dailytelegraph.com.au/news/world/watch-live-thailand-cave-rescue-final-five-boys-and-their-soccer-coach-to-be-freed/news-story/a176bfe7b4ed0a4ed944b986a26f2b3b?nk=1f561b8e18dbcc5f28279deb61b3d1d1-1531222949,4159,1531251898,
20,Supreme Court legalizes gay marriage,107609,3b6zln,http://www.washingtonpost.com/politics/gay-marriage-and-other-major-rulings-at-the-supreme-court/2015/06/25/ef75a120-1b6d-11e5-bd7f-4611a60dd8e5_story.html?tid=sm_tw,16762,1435356168,
21,"Pet Store Bill Passes California Senate 38 to 0. It bans the sale of dogs, cats and rabbits sourced from high-volume, commercial breeding facilities, known as mills, in all pet shops throughout the state.",107252,6zw2mp,https://lbpost.com/life/pets/2000011459-pet-store-bill-passes-california-senate-38-to-0,3949,1505352365,
22,"Families of Sandy Hook shooting victims win legal victory in lawsuit against InfoWars, Alex Jones",105535,aezedn,https://abcnews.go.com/beta-story-container/US/families-sandy-hook-shooting-victims-win-legal-victory/story?id=60314174,3693,1547266608,
23,Twenty-Two Attorneys General Sue The FCC Over Net Neutrality Repeal,102970,7qxwfc,https://psmag.com/news/22-attorneys-general-sue-fcc-over-net-neutrality-repeal,4114,1516186033,
24,CNN banned from White House press briefing,102357,5vznv8,http://money.cnn.com/2017/02/24/media/cnn-blocked-white-house-gaggle/index.html,18582,1487994688,
25,Boy who suffered up to 100 seizures a day has none in 300 days after being prescribed cannabis oil,101677,6yp82o,https://www.independent.co.uk/news/uk/home-news/billy-caldwell-cannabis-oil-boy-seizures-stopped-cured-prescription-medical-marijuana-a7933066.html,4497,1504838867,
26,"Texas judge interrupts jury, says God told him defendant is not guilty",101595,7rkphn,http://www.statesman.com/news/crime--law/texas-judge-interrupts-jury-says-god-told-him-defendant-not-guilty/ZRdGbT7xPu7lc6kMMPeWKL/,7490,1516417974,
27,Vermont has officially legalized cannabis,101393,7s87w8,https://www.google.fi/amp/s/www.forbes.com/sites/tomangell/2018/01/22/vermont-governor-signs-marijuana-legalization-into-law/amp/,4260,1516677866,
28,YouTube star Daddyofive loses custody of two children featured in 'prank' video.,100899,68syyv,http://www.independent.co.uk/life-style/gadgets-and-tech/news/youtube-daddyofive-cody-videos-watch-children-custody-latest-prank-parents-a7713376.html,11674,1493758889,
29,Carrie Fisher Dies at 60,99278,5kkznl,http://people.com/movies/carrie-fisher-dies/,7972,1482889946,
30,Vermont Senate legalizes recreational pot,99268,7poiui,https://www.usatoday.com/videos/news/nation/2018/01/11/vermont-senate-legalizes-recreational-pot/109341696/,6303,1515710622,
31,CNN sues President Trump and White House for banning reporter Jim Acosta,98279,9wphek,https://www.cnbc.com/2018/11/13/cnn-sues-president-trump-and-white-house-for-banning-reporter-jim-acosta.html,12734,1542147949,
32,Belgium declares loot boxes gambling and therefore illegal,97510,8evx2j,https://www.eurogamer.net/amp/2018-04-25-now-belgium-declares-loot-boxes-gambling-and-therefore-illegal,5999,152471005,
33,"Thirteen Russians criminally charged for interfering in US election, Mueller announces",97052,7y0phb,https://www.theguardian.com/us-news/2018/feb/16/robert-mueller-russians-charged-election?CMP=Share_AndroidApp_reddit_is_fun,13377,1518833901,
34,Larry Nassar sentenced to 175 years in prison in sexual abuse case,94159,7sostj,https://www.usmagazine.com/celebrity-news/news/larry-nassar-sentenced-to-175-years-in-prison-in-sexual-abuse-case/,7068,1516844433,
35,Woman who lied about being raped on college campus gets jail,93654,8sb1x4,http://www.mlive.com/news/bay-city/index.ssf/2018/06/judge_sends_woman_to_jail_for.html,6008,152946052,
36,Trump revealed highly classified information to Russian foreign minister and ambassador,92230,6bd7p6,http://wapo.st/2pPSCIo,13724,1494911979,
37,Comcast fired 500 despite claiming tax cut would create thousands of jobs,92103,7o6dj4,https://arstechnica.com/tech-policy/2018/01/comcast-fired-500-despite-claiming-tax-cut-would-create-thousands-of-jobs/,3788,1515132767,
38,"A suspected big cat poacher has been eaten by lions near the Kruger National Park in South Africa, police say",91831,7x1mc1,http://www.bbc.com/news/world-africa-43035474,4496,1518479445,
39,Chris Brown detained on suspicion of rape,91578,ailvww,http://news.sky.com/story/singer-chris-brown-detained-in-paris-on-suspicion-of-rape-11614412,8132,1548184687,
40,Comcast deleted net neutrality pledge the same day FCC announced repeal,91483,7gfs84,https://arstechnica.com/tech-policy/2017/11/comcast-deleted-net-neutrality-pledge-the-same-day-fcc-announced-repeal/,2761,151201154,
41,Hate crime charges filed against 4 in torture of teen,90940,5m863w,http://abc7chicago.com/news/4-charged-with-hate-crimes-in-torture-of-teen-in-facebook-live-video/1687517/,20731,1483670516,
42,"YouTube suspends Logan Paul’s ad revenue, blames ‘recent pattern of behavior",90461,7wd8bx,https://www.theverge.com/2018/2/9/16994364/logan-paul-youtube-suspends-advertising,7599,1518209585,
43,Michigan becomes the 10th state to legalize recreational marijuana,90394,9uw2ek,https://themarijuanaherald.com/news/michigan-voters-legalize-marijuana/,4413,1541592918,
44,"Terry Crews Testifies Before Senate On Sexual Assault, Says He Won’t Be In ‘Expendables 4’ After Producer Threatened “Trouble”",89606,8u3dh8,https://deadline.com/2018/06/terry-crews-senate-testimony-sexual-assault-expendables-4-threatened-trouble-1202417462/,2833,1530073489,
45,Comcast asks the FCC to prohibit states from enforcing net neutrality,89212,7aqilp,https://arstechnica.com/tech-policy/2017/11/comcast-asks-the-fcc-to-prohibit-states-from-enforcing-net-neutrality/,5109,1509829515,
46,Corey Feldman launches campaign to expose Hollywood pedophile ring,88638,78rsyc,http://movieweb.com/amp/corey-feldman-truth-campaign-expose-hollywood-pedophile-ring/,5607,1509004475,
47,Michael Cohen sentenced to 3 years in prison,88263,a5k1o0,https://www.cbsnews.com/news/michael-cohen-sentencing-in-federal-court-12-12-2018-today-live-updates/,6169,1544663264,
48,CNN's Anthony Bourdain dead at 61,87915,8pj2rc,http://www.kbzk.com/story/38379046/cnns-anthony-bourdain-dead-at-61,9327,1528485724,
49,Marine kicked out of Marine Corps for role in Charlottesville white supremacist march | WTOP,87883,95cbxq,https://wtop.com/virginia/2018/08/marine-kicked-out-of-marine-corps-for-role-in-charlottesville-white-supremacist-march/,8633,1533682558,
50,Ex-Trump adviser sold $31m in shares days before president announced steel tariffs,87545,81g4wq,https://www.theguardian.com/business/2018/mar/02/carl-icahn-shares-sell-trump-steel-tariffs-announcement-timing,4135,1520042133,
51,"Verne Troyer, best known as Mini-Me in ""Austin Powers,"" has died",87493,8dyfb0,http://abc13.com/entertainment/verne-troyer-best-known-as-mini-me-in-austin-powers-has-died/3375895/,2584,1524371756,
52,Stephen Hawking to Be Buried Between Darwin and Newton.,87149,8raylb,https://www.thedailybeast.com/stephen-hawking-to-be-buried-between-darwin-and-newton,2215,1529098318,
53,Man who plowed into Charlottesville crowd found guilty,87142,a44p8d,http://www.nbc12.com/2018/12/07/man-who-plowed-into-charlottesville-crowd-found-guilty/,382,1544249472,
54,Trump withdrawing US from Paris climate agreement,87021,6ep9fd,http://abcnews.go.com/Politics/trump-withdrawing-us-paris-climate-agreement/story?id=47767077,16687,1496375375,
55,"Nestle has been bottling and selling water it has no right to in drought-stricken California, state says",86727,7mm5pd,http://www.independent.co.uk/news/world/americas/nestle-water-selling-diverting-bottled-arrowhead-san-bernardino-forest-california-a8130686.html,4694,1514490526,
56,"50,000 net neutrality complaints were excluded from FCC’s repeal docket",86640,7hsfxh,https://arstechnica.com/tech-policy/2017/12/fcc-refused-to-include-50000-net-neutrality-complaints-in-repeal-docket/,3263,1512533719,
57,F.B.I. Raids Office of Trump’s Longtime Lawyer Michael Cohen,86482,8b1h7p,https://www.nytimes.com/2018/04/09/us/politics/fbi-raids-office-of-trumps-longtime-lawyer-michael-cohen.html,10227,1523332846,
58,California votes to bar schools from starting before 8:30am to help give students more sleep,86282,9c5qnc,http://www.foxnews.com/us/2018/09/01/california-votes-to-bar-schools-from-starting-before-8-30am-to-help-give-students-more-sleep.html,6668,153585829,
59,Record 9 million comments flood FCC on net neutrality,86165,6oukhh,https://www.usatoday.com/story/tech/news/2017/07/19/record-9-million-comments-flood-fcc-net-neutrality/488042001/,3378,1500752596,
60,Trump signs farm bill making cbd and hemp federally legal,86009,a8eae1,https://www.citizen-times.com/story/news/local/2018/12/21/trump-signs-farm-bill-making-cbd-and-hemp-federally-legal/2385540002/,7824,1545454472,
61,Swedish DJ Avicii Dead at 28,85810,8dpdk0,https://www.billboard.com/articles/news/dance/8358389/avicii-dead-tim-berglund,5902,15242741,
62,Chicago Police: 4 in custody after young man tortured on Facebook Live,84898,5m2ivk,http://www.fox32chicago.com/news/crime/227116738-story,33584,1483599867,
63,Five officials will face manslaughter charges for Flint water crisis,84647,6h9ao1,http://www.mlive.com/news/flint/index.ssf/2017/06/five_official_charged_with_man.html,2083,1497492593,
64,Billionaire Bill Gates announces a $1.7 billion investment in U.S. schools,84463,77l5s1,https://www.washingtonpost.com/local/education/billionaire-bill-gates-announces-a-17-billion-investment-in-us-schools/2017/10/19/9938f11c-b4eb-11e7-a908-a3470754bbb9_story.html,5883,1508522887,
65,For the first time in 25 years New York City didn't have a single shooting over the weekend,84439,9oq1r8,https://www.cnn.com/2018/10/16/us/new-york-city-shootings-weekend-trnd/index.html,2932,1539741364,
66,Former pharma CEO pleads guilty to bribing doctors to prescribe addictive opioids,84425,aej627,https://www.reuters.com/article/us-insys-opioids-idUSKCN1P312L,3441,1547155984,
67,Korea leaders release joint statement declaring there will be no more war on the Korean Peninsula,84289,8fa8yc,https://www.cnbc.com/2018/04/27/korean-leaders-release-statement-promising-to-eliminate-risk-of-war.html,7688,1524848865,
68,50 Cent forgot he had a stash of Bitcoin now worth $8m,84191,7sye51,http://www.bbc.com/news/business-42820246,3859,1516935589,
69,Papa John sues Papa John's,84115,925h9r,https://money.cnn.com/2018/07/26/news/companies/papa-johns-lawsuit-john-schnatter/index.html,5856,153266297,
70,"Child porn ring leader beaten to death at detention center, authorities say",83769,af41ng,https://www.cbs46.com/child-porn-ring-leader-beaten-to-death-at-detention-center/article_57e29c9c-7125-5961-8c82-55c8436811cc.html,7127,1547297137,
71,Canadian air traffic controllers send pizzas to U.S. counterparts working without pay,83613,afmrac,https://www.cbc.ca/news/canada/newfoundland-labrador/air-traffic-controller-pizza-1.4976548,3115,1547436239,
72,Oregon construction worker fired for refusing to attend Bible study sues former employer,83077,9bjrwj,https://www.oregonlive.com/pacific-northwest-news/index.ssf/2018/08/lawsuit_oregon_construction_wo.html,7030,153566573,
73,A truck driver from Brooklyn wins $298 million Powerball Jackpot,82759,ak1aqz,https://www.cnn.com/2019/01/25/us/truck-driver-wins-powerball-jackpot-trnd/index.html,2890,1548541887,
74,"EA’s day of reckoning is here after ‘Star Wars’ game uproar, $3 billion in stock value wiped out",82731,7g81p4,https://www.cnbc.com/2017/11/28/eas-day-of-reckoning-is-here-after-star-wars-game-uproar.html,4178,1511936425,
75,EPA is now allowing asbestos back into manufacturing,82637,957c4v,https://archpaper.com/2018/08/epa-asbestos-manufacturing/,7625,153363479,
76,China Shuts Down Its Legal Ivory Trade,82545,7n8lz5,https://news.nationalgeographic.com/2017/12/wildlife-watch-china-ivory-ban-goes-into-effect/,2019,1514757819,
77,Family O Five YouTube taken down permanently,82522,901jlt,https://www.wusa9.com/article/news/local/youtube-takes-down-familyoffive-channels-operated-by-convicted-child-neglectors-on-probation/65-575221085,4084,1531993507,
78,Former Marine steals truck after Vegas shooting and drives nearly 30 victims to hospital,81938,741whn,https://www.usatoday.com/story/news/nation-now/2017/10/03/las-vegas-shooting-marine-veteran-steals-truck-drives-nearly-30-victims-hospital/726942001/,5041,1507080129,
79,"With no end in sight to government shutdown, TSA agents at Hawaii airports start to resign",81725,ajkc4a,http://www.hawaiinewsnow.com/2019/01/24/shutdown-drags-tsa-officers-hawaii-airports-start-turning-resignations/,9991,1548412144,
80,"In a first, FBI to begin collecting national data on police use of force",81552,9zjq8d,https://www.cbsnews.com/news/fbi-to-begin-collecting-national-police-use-of-force-data/,1564,1542964011,
81,"Doctors post blood-soaked photos after NRA tells them to ""stay in their lane""",81480,9wkx2q,http://www.abc.net.au/news/2018-11-13/nra-stay-in-their-lane-doctors-respond/10491624,10213,1542104914,
82,"ICE arrests rapper 21 Savage, says he is actually British and overstayed visa",81401,amtsco,https://www.ajc.com/news/breaking-ice-arrests-rapper-savage-says-actually-british-and-overstayed-visa/HgORJxcJCckHjlMdzlqwKM/,5714,1549255419,
83,Man killed by cops during Alabama mall shooting had a permit: Actual shooter remains at large,81370,a08t1s,https://globalnews.ca/news/4696417/emantic-bradford-alabama-mall-shooting-police/,8999,1543184279,
84,Tech writer suggests '10 Year Challenge' may be collecting data for facial recognition algorithm,81216,ahxjkn,https://www.ctvnews.ca/sci-tech/tech-writer-suggests-10-year-challenge-may-be-collecting-data-for-facial-recognition-algorithm-1.4259579,3785,1548019214,
85,CVS Puts Out Generic Competitor To EpiPen At A 6th Of The Price,81087,5njj2x,http://boston.cbslocal.com/2017/01/12/cvs-epipen-mylan-adrenaclick-generic-price/,3173,148425894,
86,"Federal appeals court rules 2-1, you have the right to film the police",81002,5w4ga4,https://arstechnica.com/tech-policy/2017/02/divided-federal-appeals-court-rules-you-have-the-right-to-film-the-police/,3624,1488064045,
87,Pharma bro Martin Shkreli is denied minimum security camp and sent to federal prison in New Jersey,80947,8d718w,https://www.cnbc.com/2018/04/18/pharma-bro-martin-shkreli-gets-sent-to-federal-prison-in-new-jersey.html,5513,1524098201,
88,Pope Francis: fake and sensationalised news 'a very serious sin',80896,7keend,https://www.theguardian.com/world/2017/dec/17/pope-francis-fake-and-sensationalised-news-a-very-serious-sin,5139,1513554138,
89,Amazon raises minimum wage to $15 for all US employees,80803,9kpeal,https://www.cnbc.com/2018/10/02/amazon-raises-minimum-wage-to-15-for-all-us-employees.html,8965,1538504186,
90,Net neutrality protesters take to the streets,80618,7ib4bo,https://www.cnet.com/news/net-neutrality-protesters-take-to-the-streets/,2974,1512723509,
91,Emergency alert about ballistic missile sent to Hawaii residents; EMA says ‘no threat’,80581,7q67a1,http://nbc4i.com/2018/01/13/emergency-alert-about-ballistic-missile-sent-to-hawaii-residents-ema-says-no-threat/,12046,1515897073,
92,Explosive Devices Found in Mail Sent to Hillary Clinton and Obama,80384,9qzow5,https://www.nytimes.com/2018/10/24/nyregion/explosive-device-clintons-mail.html?action=click&module=Alert&pgtype=Homepage,19049,1540416768,
93,Scientology facilities in Tennessee closed after police find patients held against their will,80185,69dwrw,http://globalnews.ca/news/3426629/scientology-facility-closed-tennessee/?utm_source=Article&utm_medium=MostPopular&utm_campaign=2014,4920,1494009491,
94,"Dallas officer goes home to wrong apartment, kills man inside, police say",80134,9dtx97,https://www.fox4news.com/news/dallas-officer-goes-home-to-wrong-apartment-kills-man-inside,12048,1536352653,
95,"Aretha Franklin dies in Detroit, surrounded by family and friends",79948,97shx3,http://www.fox2detroit.com/news/local-news/aretha-franklin-dies-in-detroit-surrounded-by-family-and-friends,2789,1534456686,
96,Illinois State Senate passes measure designating neo-Nazi groups as terrorists,79777,6tz5et,http://fox2now.com/2017/08/15/illinois-state-senate-passes-measure-designating-neo-nazi-groups-as-terrorists/,10390,1502879953,
97,"17-year-old Walmart employee quits over store intercom: 'Nobody should work here, ever'",79618,a6iz22,https://www.cnbc.com/amp/2018/12/14/walmart-employee-quits-over-intercom-nobody-should-work-here-ever.html,5873,1544937502,
98,Amazon's hourly workers lose monthly bonuses and stock awards as minimum wage increases,79585,9l5djc,https://www.cnbc.com/2018/10/03/amazon-hourly-workers-lose-monthly-bonuses-stock-awards.html,6181,1538629703,
99,London attack: Single police officer took on all three terrorists alone armed only with baton,79369,6f82ov,http://www.independent.co.uk/news/uk/home-news/london-attack-single-police-officer-took-terrorists-armed-baton-borough-a7772251.html,9066,1496620986,
