a	1
aaron	3
abate	1
abhorred	1
abhorrent	1
abiding	1
abilities	1
ability	2
abject	1
abjure	2
able	4
ably	1
aboard	2
abode	2
abodes	3
abolish	6
abolished	2
abolition	5
abolitionists	1
abound	6
abounded	2
abounds	2
about	79
above	51
abraham	4
abroad	12
abrupt	1
abruptly	1
absconded	1
absence	6
absent	3
absolutely	1
absorbing	2
absorbs	1
abstaining	1
abstinence	1
abstraction	2
absurd	3
absurdities	2
abundance	4
abundant	7
abundantly	1
abused	1
ac	1
acacia	2
accent	1
accents	2
accept	1
accepted	2
accepting	1
accepts	1
access	2
accidental	1
accidentally	2
accompanied	2
accompaniments	1
accomplice	1
accomplish	1
accomplished	1
accomplishments	1
accordance	2
according	28
accordingly	2
account	12
accounts	2
accumulated	1
accumulation	2
accuracy	2
accursed	1
accusation	1
accused	2
accustomed	11
ache	4
aching	1
acknowledge	7
acknowledged	6
acknowledges	3
acknowledgment	2
acorn	9
acquaintance	7
acquainted	5
acquiesce	1
acquiescence	1
acquire	1
acquired	2
acre	4
acres	6
across	10
act	15
acted	3
action	8
active	6
activity	7
actors	2
actress	2
acts	3
actual	2
actually	3
acute	2
adam	2
adamant	1
adams	2
adaptation	1
adapted	2
add	4
added	10
adding	1
addition	2
additional	2
address	3
addressed	2
adds	1
adequate	1
adhere	1
adherent	1
adjudged	1
administered	1
administrations	1
admirable	8
admiral	1
admiration	1
admire	2
admired	2
admirer	2
admiring	1
admit	2
admittance	1
admitted	5
admixture	1
adopt	2
adopted	3
adore	1
adored	1
adorned	1
adultery	1
advance	3
advanced	2
advancement	2
advancing	1
advantage	2
advantages	3
advent	1
adventurers	2
adventures	6
adventurous	2
adversary	2
adversity	2
advertised	1
advice	3
advise	1
advised	2
advises	1
advocate	1
advocates	3
aeolian	2
aerial	2
aether	1
afar	1
affairs	3
affected	5
affection	14
affectionate	5
affections	11
affinity	1
afflictions	2
aforesaid	4
afraid	12
africa	6
african	5
africans	2
after	71
afternoon	4
afterward	5
afterwards	3
again	66
against	32
age	40
aged	3
agency	6
agents	4
ages	17
aggression	2
aggressions	1
agitation	1
ago	28
agonising	1
agony	4
agreeable	2
agreeably	2
agreed	1
agrees	1
agriculture	1
ague	1
ah	4
aid	6
aids	2
ail	2
air	31
airy	5
aisle	1
aisles	2
akin	1
alarm	1
alarmed	3
alas	16
albion	1
alcove	1
alderman	1
ale	1
alexander	1
alexis	2
algiers	1
alighted	2
alike	3
aliment	1
alive	2
all	508
allegiance	1
allegory	1
alley	2
allied	3
allotted	1
allow	3
allowable	1
allowance	2
allowances	1
allowed	13
allowing	2
allude	1
alluded	3
allured	1
allusion	2
almighty	2
almost	42
almshouse	2
aloft	1
alone	34
along	14
alongside	1
aloud	2
alphabet	2
alpine	2
already	8
also	9
alt	1
altar	5
altercation	1
altered	1
although	2
altogether	20
always	56
am	62
amassed	1
amazing	1
ambassador	4
ambassadors	1
amber	1
ambition	1
ambitious	1
amen	1
amenable	1
america	6
american	15
americans	5
amid	14
amidst	2
ammunition	1
among	75
amount	6
ample	3
amply	1
amsterdam	1
amused	3
amusement	3
an	276
an't	1
analogy	1
analyse	2
anathema	2
ancestor	1
ancestors	4
ancestry	1
anchor	2
ancient	20
anciently	1
ancients	4
and	3170
andre	17
andrew	2
anecdote	7
anecdotes	1
anew	1
angel	24
angelic	4
angels	38
anger	3
angle	2
angry	8
angular	2
animal	29
animals	7
animated	2
animation	1
ankle	1
ankles	1
anniversary	1
announce	2
announced	3
announces	1
announcing	1
annoyance	1
annoying	1
annual	3
annually	1
annulled	1
anon	8
another	67
answer	24
answered	11
answers	2
antagonists	1
antennas	1
anthem	3
anthems	2
anthony	2
antidote	1
antipathy	1
antiquated	1
antique	1
antiquities	5
antiquity	1
antislavery	1
anxiety	1
anxious	4
anxiously	1
any	74
anybody	4
anything	13
apart	7
apartment	3
apartments	2
apollo	2
apologised	1
apologising	2
apostles	1
apostolic	1
apothecaries	1
appalling	1
apparent	3
apparently	7
appeal	2
appeals	1
appear	11
appearance	6
appeared	6
appears	7
appease	1
appellation	1
appetite	1
applaud	1
apple	1
apples	1
applicable	2
application	3
applications	1
applied	9
apply	1
appointed	1
appoints	1
appreciate	2
appreciated	1
apprehend	3
apprehensions	1
apprentices	1
approach	4
approached	1
approaches	5
approaching	4
approbation	1
appropriate	16
appropriated	2
approved	2
approving	1
appurtenances	1
april	2
apron	1
apt	3
aqueduct	1
ar	1
arbitrary	1
arbours	1
arc	3
arcana	3
arch	2
archangel	1
arches	2
architects	1
architectural	2
architecture	3
arctic	1
ardent	1
are	385
area	1
argue	3
argued	1
argument	3
arguments	1
arid	3
aright	1
arise	2
aristocracy	1
aristotle	1
ark	8
arm	2
armed	1
armour	1
arms	15
army	3
arnold	1
aromatic	1
arose	3
around	31
aroused	2
arrange	2
arranged	5
arrangement	3
arrangements	5
array	4
arrest	1
arrested	5
arrival	1
arrive	2
arrived	8
arrives	1
arrogant	1
arrow	3
arrows	2
ars	1
art	30
artifice	1
artifices	1
artificial	1
artist	4
artless	1
arts	3
as	743
asa	3
ascend	1
ascending	5
ascent	1
ascertain	2
ascertained	1
ash	6
ashamed	9
ashe	3
ashen	1
ashes	1
ashore	1
asia	1
asiatic	1
aside	7
ask	20
asked	22
asking	1
asks	3
asleep	8
aspect	3
aspects	1
aspirations	6
aspired	1
aspiring	1
ass	4
assembled	1
assert	2
assertion	4
assimilate	1
assist	1
assistance	2
assistants	1
assisted	3
associated	2
association	1
associations	4
assume	2
assumes	1
assurance	1
assure	1
assured	7
assuredly	12
assyria	1
astonished	1
astonishing	1
astonishment	1
astray	1
astronomers	1
astronomical	2
asunder	1
asylum	3
at	361
ate	3
ater	1
athens	3
athletic	3
athwart	1
atlantic	2
atmosphere	11
atom	1
atoms	1
atone	1
atonement	1
attached	5
attachment	3
attachments	1
attack	1
attacked	1
attain	2
attained	3
attainment	1
attainments	1
attempt	5
attempting	1
attempts	1
attend	3
attendance	1
attendant	5
attended	3
attending	2
attention	14
attentions	2
attentive	1
attested	1
attitudes	1
attract	1
attracted	10
attraction	2
attractive	3
attribute	1
auburn	3
auction	2
auctioneer	1
audience	8
audit	1
aught	2
augur	1
august	6
aunt	4
aurora	3
austria	2
authenticated	2
author	4
authorities	2
authority	4
authors	1
autumn	8
autumnal	1
avail	3
avarice	1
average	2
averse	2
aversion	1
avert	1
avocations	2
avoid	7
avoided	2
avoiding	1
avowed	1
await	1
awaited	1
awake	1
awaken	1
awakened	2
aware	13
away	84
awful	4
awhile	1
awkwardness	2
awoke	1
axes	1
ay	2
azure	1
ba	1
babbling	1
babe	6
babel	1
baby	2
babylon	3
bachelor	1
back	44
background	1
backward	2
bad	20
baden	1
badge	1
badges	1
badly	1
bag	1
bagpipe	4
baited	1
baker	1
balaam	2
balance	8
balanced	1
balancing	2
balcony	1
ball	2
balloon	1
ballot	1
balls	1
baltic	1
baltimore	4
ban	1
band	13
banditti	1
bands	1
banish	1
banished	3
bank	6
bankers	1
bankruptcy	1
banks	5
banner	5
banners	5
baptismal	1
baptist	2
bar	1
barbarism	3
barbarous	1
bare	1
barefoot	1
bargain	4
bargains	3
barge	2
bark	2
barn	4
barns	1
barons	1
barred	3
barrels	1
barren	1
bars	5
bas	1
based	1
basin	2
basis	3
basket	6
baskets	2
bass	3
bat	1
bathe	1
bathed	3
battered	1
battery	15
battle	5
battles	1
bauble	1
bavaria	3
bay	13
bayard	1
be	466
bea	1
beach	1
beacon	1
beads	3
beam	1
beams	2
bear	13
bearing	6
bearings	1
bears	4
beast	2
beasts	1
beat	3
beaten	1
beating	3
beats	2
beau	1
beauties	4
beautiful	96
beautifully	7
beauty	84
beaux	1
became	21
because	77
beckford	1
beckoned	1
beckoning	1
become	36
becomes	13
becoming	4
bed	14
beds	5
bedside	2
bee	4
been	186
beetle	1
before	123
befriended	1
beg	2
began	23
beggar	3
beggars	1
begged	5
begging	2
begin	1
beginning	3
beginnings	3
begins	4
begun	3
behaviour	1
behind	10
behold	7
beholds	1
being	78
beings	8
belgian	1
belief	7
believe	24
believed	4
believers	2
believes	2
believing	2
bell	12
belle	4
bellowing	1
bells	13
belong	6
belonged	3
belonging	4
belongs	3
beloved	21
below	8
belt	4
belvedere	1
bench	2
bend	2
bending	1
bends	1
beneath	14
benediction	3
benefactor	1
benefit	6
benevolence	4
benevolent	7
benighted	2
benjamin	1
bent	4
bereaved	1
berries	2
beseeching	3
beset	1
beside	9
besieged	1
best	36
bestow	1
bestowed	5
bestows	1
bethe	1
betray	2
betrayed	1
betrayer	1
betrays	1
betrothed	3
better	36
between	57
beware	1
bewildered	5
beyond	23
bible	2
bid	18
bidder	1
bidding	1
bids	2
bier	2
big	3
bigot	1
bigotry	1
bill	7
bind	1
binding	2
biographer	1
biographical	1
bird	31
birds	27
birth	3
birthday	1
birthplace	1
bishop	2
bishops	2
bit	3
bite	2
bites	1
biting	1
bitten	2
bitter	3
bitterest	1
bitterness	1
black	26
blackbirds	1
blackened	2
blacker	1
blacksmith	1
blade	1
blades	1
blair	2
blame	2
blamed	2
blanket	2
blankets	1
blasphemous	1
blaze	1
blazing	3
bleak	1
bleating	1
bleeding	1
blended	1
bless	6
blessed	26
blesses	2
blessing	13
blessings	9
blew	1
blight	2
blighted	2
blind	8
blinded	1
blindness	1
blinds	1
blithe	1
bloated	1
block	1
blocked	1
blocks	1
blonde	1
blood	14
bloody	9
bloom	4
blooming	8
blossom	5
blossomed	4
blossoms	8
blot	2
blow	3
blowing	3
blown	3
blows	2
blue	21
blunder	1
blunt	1
blush	2
blushing	1
board	13
boards	2
boars	1
boast	1
boasted	1
boasting	2
boat	14
boats	4
bob	7
bodies	7
body	37
boiler	1
bold	2
bolts	1
bonaparte	2
bond	5
bondage	2
bonds	2
bones	5
bonny	1
bono	1
bony	1
book	14
books	6
booths	3
bordered	1
borders	2
bore	3
borealis	1
bored	1
born	19
borrow	1
borrowed	1
borrows	1
bosom	8
boston	14
boswell	2
both	33
bottle	2
bottom	1
bottomless	1
boughs	5
bought	10
bound	12
boundary	1
bounded	3
bounding	1
bounds	2
bounteous	1
bouquet	4
bow	6
bowed	4
bowers	2
bowing	1
bowl	2
bowling	2
bows	2
box	7
boxes	3
boy	24
boyhood	2
boys	15
brackish	1
brain	6
brains	2
brambles	1
branch	1
branches	4
branded	1
brass	2
brave	8
bravely	1
bravery	1
bravest	2
brazen	2
bread	3
breadth	3
break	7
breaking	4
breaks	1
breast	7
breasts	1
breath	6
breathe	3
breathes	1
breathing	3
bred	1
breeze	17
breezes	7
breezy	1
bremen	1
brethren	3
briar	1
brick	10
bricks	8
bridal	1
bride	3
bridegroom	2
bridge	7
bridges	2
brief	4
bright	23
brighter	1
brightest	1
brightness	3
brilliancy	2
brilliant	4
bring	24
bringing	4
brings	12
british	11
britons	1
brittany	1
broad	19
broadway	10
broke	9
broken	15
bronze	2
brook	4
brooks	3
broom	1
broth	1
brother	12
brotherhood	4
brotherly	2
brothers	7
brought	56
brow	4
brown	1
bruise	1
brushing	1
brutal	3
brute	3
brutes	1
brutish	1
bubbles	1
bucket	4
buckets	1
bud	2
budding	1
buds	1
buffalo	1
buffaloes	1
buffoonery	1
buffoons	1
build	6
building	13
buildings	4
builds	2
built	18
buller	1
bullets	1
bullion	1
bunch	1
buoyant	2
burden	5
burial	5
burials	1
buried	9
burleigh	1
burn	3
burned	1
burning	8
burr	1
burrows	1
burst	2
burton	4
burying	7
busily	2
business	14
buskin	1
bust	2
bustle	1
busts	1
busy	14
but	596
buta	1
butin	1
butterflies	2
butterfly	3
buttons	2
buy	9
buys	1
by	523
cabin	3
cabinet	1
cabins	1
cadence	5
cage	5
cages	1
cain	1
cake	3
cakes	2
calamities	1
calculate	3
calculated	1
calculating	1
calicoes	1
call	28
called	46
calling	3
calls	7
calm	11
calmly	4
calves	1
came	84
camps	1
can	112
can't	4
canada	2
candidate	1
candidates	1
candidly	1
candle	3
candles	2
candour	2
cannon	1
cannot	54
canon	1
canopies	1
canst	4
cap	3
capable	3
capacities	2
capital	13
capitalists	1
capitals	1
capricious	1
caps	1
capt	3
captain	11
captain-general	1
captive	2
captives	1
captivity	1
capture	2
captured	3
car	1
card	1
cards	3
care	6
career	1
careful	2
carefully	3
carelessly	1
cares	3
caresses	1
caricature	1
carlton	3
carlyle	5
carnal	1
carnival	1
carol	1
carpenter	5
carpets	1
carriage	1
carriages	2
carried	25
carrier	1
carries	6
carry	11
carrying	1
cars	1
cart	2
carts	1
carved	5
case	13
cases	4
cash	1
casket	1
cast	13
caste	1
castes	3
casting	2
castle	7
castles	1
casts	3
casual	1
cat	3
catacombs	1
catalogue	1
catch	4
catching	1
catharine	1
cathedral	4
cathedrals	4
catholic	12
catholics	1
cato	1
cats	2
cattle	3
caught	7
cause	11
caused	4
causes	4
caution	2
cautious	1
cautiously	1
cavalier	1
cave	4
caverns	2
caves	2
cavity	1
cayenne	1
cease	6
ceased	3
ceasing	1
cedar	1
celebrate	1
celebrated	4
celebration	1
celebrity	1
celestial	1
cell	1
cellar	2
cells	1
cement	1
cemented	1
cemetery	7
censure	1
cent	1
central	4
centre	6
centred	1
centrifugal	1
cents	6
centuries	4
century	12
ceremonial	3
ceremonies	6
ceremony	5
certain	8
certainly	8
ces	1
cessation	1
chaff	1
chain	1
chained	3
chains	4
chair	2
chairs	5
chamber	3
chambers	2
chance	17
chanced	2
chancery	1
chances	1
change	19
changed	14
changes	13
changing	12
channels	1
chant	2
chanted	2
chanting	5
chap	2
chapel	1
chaplain	1
chapter	1
character	30
characterised	1
characterises	2
characteristic	4
characters	6
charcoal	1
charge	2
charged	1
charities	2
charity	5
charles	3
charm	8
charmed	5
charming	4
chase	2
chased	1
chasing	1
chat	1
chateau	1
cheap	2
cheapness	1
cheat	1
cheated	2
check	3
checked	1
cheek	1
cheeks	6
cheer	2
cheered	3
cheerful	12
cheerfulness	2
cheering	3
cheerless	2
cheers	2
cherish	2
cherished	2
cherishes	1
cherokees	3
cherub	1
cherubim	1
chewing	1
chicken	2
chickens	1
chief	10
chiefly	1
chiefs	3
chieftains	2
child	54
childhood	19
childish	2
children	68
chill	2
chilled	3
chilling	1
chills	1
chilly	1
chime	1
chimney	2
china	2
chirping	2
chisel	2
chivalry	2
choice	3
choicest	2
choirs	1
choke	1
choose	9
choosing	2
choral	4
chord	2
chorus	5
chose	2
chosen	10
christ	12
christendom	3
christened	1
christian	21
christianity	14
christians	9
christie	1
christmas	2
chrysalis	1
church	49
churches	6
churchyard	1
cider	5
circassia	1
circle	21
circled	1
circles	5
circling	6
circuitous	1
circular	1
circulates	1
circulating	2
circumference	1
circumscribed	1
circumspect	1
circumstance	7
circumstanced	1
circumstances	8
circumstantial	5
cities	8
citizen	2
citizens	4
city	75
civic	1
civil	7
civilised	12
civilization	7
cl	1
claim	4
claiming	1
claims	3
clan	2
clans	9
clapped	3
claps	1
clark	1
clarke	11
clash	2
clashing	2
clasp	1
clasps	2
class	9
classes	7
classic	4
classification	1
clatter	1
claude	1
claws	1
clay	2
clean	10
cleaned	1
cleanliness	1
clear	15
clearer	1
clearly	2
cleave	1
cleft	2
clenched	1
clergy	2
clerk	1
clever	1
climate	7
climbing	1
clime	4
climes	2
cling	1
clinging	1
clock	3
clocks	1
cloister	2
cloistered	1
close	14
closed	6
closely	4
closer	2
closet	1
closing	2
clothe	2
clothed	2
clothes	11
clothing	4
cloud	16
cloudless	1
clouds	15
clove	1
clover	3
clown	1
club	1
clubs	1
clumps	1
clung	6
cluster	1
clustering	1
co	3
coach	2
coal	1
coals	1
coast	7
coat	3
coats	3
cobweb	1
code	6
coercion	3
coffee	1
coffin	5
coffins	4
cognizance	1
coin	1
coincidence	2
col	1
cold	21
coldly	1
coleridge	4
coll	1
collected	2
collection	1
college	3
colleges	2
collusion	1
colonies	2
colony	7
colour	15
coloured	23
colouring	1
colours	5
colt	2
column	3
columns	2
com	2
comb	1
combat	3
combating	1
combats	1
combination	2
combined	5
come	58
comedy	2
comes	23
comet	1
cometh	2
comfort	11
comfortable	6
comfortably	4
comforted	1
comforts	1
comical	1
coming	20
command	2
commanded	4
commander	1
commander-in-chief	1
commanding	1
commands	2
commemorate	2
commemorated	1
commemoration	1
commenced	1
commencement	1
commencing	1
commends	2
commentary	1
commerce	5
commercial	3
commit	6
committed	3
commodore	1
common	34
commonest	1
commonplace	1
communicates	1
communication	4
communicative	1
communion	5
community	7
compact	1
companies	3
companion	5
companions	4
companionship	3
company	8
comparative	2
comparatively	2
compare	2
compared	3
comparing	1
comparison	2
compartments	1
compass	1
compassion	2
compassionate	2
compatible	1
compel	3
compelled	5
compelling	1
compels	1
compensation	1
complain	3
complained	3
complaining	1
complaint	2
complaints	2
complete	6
completed	4
completely	7
completes	1
complexion	2
complexions	1
complied	1
compliment	2
complimentary	1
component	1
composed	1
composure	1
comprehend	6
comprehended	1
comprehension	1
comprises	1
comprising	2
comrade	1
comrades	1
con	2
conceal	4
concealed	1
concealing	1
conceivable	2
conceive	1
conceived	1
conception	2
concern	1
concerning	7
concerns	1
concert	3
concession	1
conclude	1
concluded	1
concludes	1
conclusion	2
conclusive	1
condemn	1
condemned	7
condensed	1
condescending	1
condescension	1
condition	8
conduct	1
conducting	1
conductor	2
conductors	3
conduit	1
cones	2
conferred	2
confess	4
confessed	2
confession	1
confidence	1
confidential	2
confiding	2
confined	1
confirm	1
confirmed	2
conflagration	2
conflict	6
conflicts	3
conformed	1
confound	1
confounded	1
confused	2
confusion	5
congealed	1
congratulate	1
congregation	11
congress	4
conic	1
conjectured	4
conjectures	1
conjure	1
conjured	3
connected	4
connecticut	1
connecting	1
connects	1
connexion	3
conquer	2
conquered	4
conquering	1
conscience	9
consciences	2
conscious	4
consciousness	2
consecrate	1
consecrated	4
consent	4
consented	2
consequence	1
consequences	3
consequent	1
consider	14
considerable	9
consideration	4
considerations	2
considered	14
considering	1
consist	1
consistent	1
consisting	1
consists	6
consolation	1
consonants	1
conspicuous	2
conspire	1
conspired	4
constable	2
constables	4
constant	3
constantine	1
constantinople	1
constantly	4
constellation	1
constellations	2
consternation	1
constitute	4
constituted	1
constitutes	3
constitution	1
constrained	1
constraint	1
constructed	4
construction	7
consul	1
consulted	1
consumed	1
consumption	2
contact	5
contagion	2
contain	2
contained	2
containing	7
contains	7
contemplate	2
contemplating	1
contemporary	1
contempt	3
contemptuously	2
content	2
contentment	1
continual	7
continually	10
continue	2
continued	9
continuous	3
contract	2
contracts	1
contradictions	1
contradictory	1
contrary	4
contrast	4
contrasted	1
contrasts	1
contribution	1
contributions	1
control	2
controversial	1
controversy	4
contumely	1
convenience	3
conveniences	2
convenient	2
convention	2
conventional	2
conversant	1
conversation	14
conversed	1
conversion	2
converted	4
convey	1
conveyed	8
conveying	1
conveys	1
convict	3
convicted	1
conviction	1
convictions	3
convince	1
convinced	4
convinces	1
convocation	1
convulsions	1
convulsive	2
cook	3
cooking	2
cool	11
coolly	3
cooperation	1
copper	2
copy	9
coquetry	1
cord	2
cordial	1
cordiality	1
cords	1
corinthian	1
corn	6
corner	16
corners	1
cornet	2
cornfields	1
coronation	1
corporations	2
corps	1
corpse	3
correct	4
correction	1
correspondence	2
correspondent	1
corresponding	1
corroding	1
corrupt	2
corruption	1
cost	3
costly	1
costume	5
cottage	1
cottages	1
cotton	2
couches	1
could	151
couldn't	3
couldst	1
council	1
counsel	1
count	5
countenance	14
countenanced	1
countenances	3
counter	1
counterfeit	2
countless	1
countries	2
country	30
countrymen	3
county	1
couple	4
couples	2
courage	7
course	23
court	5
courteous	1
courtesies	1
courtesy	2
courts	2
cousin	2
cove	1
cover	2
covered	17
covering	2
cow	3
cowardice	1
cows	5
crab	2
crack	1
cracked	2
cradle	5
crag	2
crags	1
crash	3
craves	2
crazed	1
crazy	2
cream	1
created	3
creation	8
creative	1
creator	1
creature	2
creatures	10
credit	3
creditable	1
credulity	1
creed	4
creeds	3
creek	1
creep	2
creeping	1
crest	2
cricket	2
cried	3
cries	6
crime	21
crimes	4
criminal	16
criminals	10
crimson	4
crippled	1
criticism	1
crooked	1
cropped	1
cross	16
crossed	3
crosses	1
crow	2
crowd	16
crowded	10
crowding	2
crowds	2
crown	6
crowned	2
crowning	1
crucified	2
cruel	5
cruelly	1
cruelty	4
crumbs	2
crush	1
crushed	5
crushing	1
crust	2
crustaceous	1
cruz	1
cry	1
crying	2
crystal	3
crystals	1
ct	1
cud	1
culprit	1
cultivate	2
cultivated	4
cultivation	5
cultivators	1
culture	3
cumbrous	1
cunning	11
cup	1
cupid	2
cupids	2
cupola	1
cups	1
cure	2
cured	1
curiosities	1
curiosity	6
curious	10
curiously	2
current	3
currents	1
curse	4
cursed	1
curses	1
cursing	2
curtain	4
curtains	1
curve	2
curves	1
custom	19
customer	1
customers	2
customs	13
cut	18
cuts	1
cutting	4
dagger	1
daily	7
dainties	1
daisy	2
dale	1
damage	1
damask	2
damnable	1
damp	2
dance	18
dancers	1
dances	2
dancing	7
dandy	2
danger	10
dangerous	4
dangers	1
danube	1
dare	8
dared	2
dares	1
dark	24
darken	1
darkened	1
darkening	1
darkest	1
darkling	1
darkness	5
darksome	1
darling	2
darted	1
dashed	1
dat	2
daughter	8
daughters	4
david	3
davis	1
daw	1
dawn	3
dawned	2
dawns	1
day	77
days	39
daytime	2
dazzle	1
de	11
dead	28
deadly	1
deal	7
dealer	1
dealers	1
dealt	1
dean	1
deans	1
dear	5
dearest	1
dearly	2
dearth	1
death	28
deathbed	2
debilitated	1
debt	1
debtor	1
debtors	1
decay	1
decays	2
deceased	2
deceitful	1
deceive	1
deceived	1
deceiving	1
december	2
decent	3
deception	2
decided	1
decidedly	1
decision	1
decisive	1
deck	4
decked	1
declamation	1
declare	3
declares	1
decline	1
declining	1
decorated	3
decorum	2
decypher	1
deducible	1
deed	4
deeds	3
deem	7
deemed	9
deems	1
deep	35
deepened	1
deepening	1
deeper	9
deepest	4
deeply	14
deer	2
defaced	1
defence	1
defend	2
defended	3
defending	1
defends	1
deference	1
deferred	1
deficiencies	1
deficiency	1
defied	1
defined	1
defines	1
deformed	1
deformities	1
defy	1
defying	1
degradation	4
degraded	2
degree	12
degrees	6
deified	1
deities	2
deity	2
deliberate	3
deliberately	3
delicate	3
delicious	2
delight	6
delighted	7
delightful	1
delights	3
delineated	1
delirious	2
deliver	1
dell	1
dells	2
delusion	1
delusions	1
demand	2
demanded	1
demands	1
democratic	2
demolishing	1
demons	2
den	1
denied	1
denies	1
denote	1
denounce	2
dens	1
dense	6
deny	2
depart	3
departed	7
departing	3
department	1
departure	1
depend	2
dependent	1
dependents	1
depends	2
deplorable	1
deportment	1
deposit	1
deposited	1
deprecate	1
depredations	1
depression	1
deprivation	1
deprived	1
depth	2
depths	4
deputation	2
deputy	1
deride	1
derive	1
derived	1
derives	3
descend	1
descendants	2
descended	4
descending	3
descends	2
descent	1
describe	2
described	10
describes	4
describing	2
description	5
descriptions	1
descriptive	1
desert	5
deserted	2
deserve	2
deserved	1
deserves	1
deserving	1
desirable	1
desire	5
desired	4
desolate	6
desolating	1
despair	4
desperate	2
desperately	1
desperation	1
despicable	1
despise	1
despised	1
despises	1
despotic	2
destination	2
destined	3
destiny	10
destitute	1
destroy	1
destroyed	4
destroying	1
destruction	4
details	1
detect	2
determine	1
determined	5
detest	1
detestable	2
develop	1
developed	3
development	2
deviation	1
deviations	1
devices	3
devil	11
devils	1
devious	1
devise	1
devonshire	1
devoted	2
devotees	1
devotion	1
devotional	3
devour	1
devoured	2
devouring	1
devout	2
dew	2
dey	1
diabolical	2
dialect	2
dialects	6
diamond	3
diamonds	6
diana	2
dick	1
dictate	1
dictates	2
dicti	1
did	75
didn't	6
didst	1
die	11
died	20
dies	4
differ	1
differed	1
difference	5
different	10
differing	2
difficult	5
difficulties	2
difficulty	1
diffident	1
diffusion	1
digesting	1
digging	2
dignified	2
dignitaries	1
digression	2
dim	11
diminish	3
diminished	1
diminishes	1
diminishing	1
diminutive	2
dimly	4
din	4
dine	1
dining	1
dinner	11
dinners	1
dip	2
dipping	1
direct	1
direction	1
directly	2
directory	2
directs	1
direful	1
dirge	1
dirt	3
dirty	8
dis	1
disabled	1
disadvantage	1
disadvantages	1
disagreeable	4
disappeared	1
disappointed	6
disappointment	1
disaster	1
disastrous	1
disbelieve	1
discharge	4
discharged	1
disciple	2
disciples	3
discipline	1
disconsolate	1
discontented	1
discord	16
discordant	4
discords	2
discouraged	4
discourse	1
discoursing	1
discover	5
discovered	9
discoveries	1
discovering	1
discreet	2
discrimination	1
discussion	1
disease	3
diseased	2
diseases	1
disgraceful	1
disguise	3
disguised	1
disguises	2
disgusted	2
disheartened	1
dishonesty	1
disinclination	1
dislike	1
dismal	4
disobedience	1
disorder	1
disordered	1
disorders	1
dispatched	1
dispel	1
dispensation	3
dispense	1
display	1
displays	1
disposed	4
disposition	1
dispute	1
disputes	2
dissent	1
dissenters	1
dissipated	2
dissolved	1
distance	15
distances	1
distant	10
distaste	1
distempered	1
distinct	1
distinction	4
distinctions	2
distinctly	5
distinctness	1
distinguished	7
distinguishing	1
distorted	1
distress	2
distressed	1
distributed	1
distribution	1
district	2
distrust	1
disturb	3
disturbed	2
disturbers	1
disturbing	1
disturbs	4
disuse	1
ditch	1
dived	1
diverge	2
diversified	1
diversities	1
divest	1
divide	1
divided	5
dividends	1
divine	23
divinely	1
diving	1
division	4
divorced	2
dizzy	2
do	183
docile	1
docility	1
doctor	5
doctrinal	1
doctrine	5
document	2
does	47
dog	11
dogmas	1
dogs	2
doing	10
doings	3
dollars	12
domain	1
dome	2
domes	1
domestic	10
domingo	1
don't	20
done	35
donner	1
doom	1
doomed	3
door	21
doors	6
doorway	1
doth	2
dotted	3
double	1
doubt	13
doubtful	1
doubtless	14
doubts	3
douce	1
dove	3
doves	12
down	68
downright	1
downs	2
downward	6
downy	2
dozen	2
dozens	1
dr	11
dragged	5
drama	1
dramatic	1
drapery	1
draught	4
draughts	1
draw	4
drawbacks	2
drawer	2
drawing	4
drawn	11
draws	1
dreaded	1
dreadful	9
dreadfully	1
dream	8
dreamed	2
dreaming	1
dreams	6
dreary	8
dress	6
dressed	6
dresses	2
dressing	1
drew	8
dried	2
drift	1
drifted	1
drill	2
drilled	1
drink	8
drinking	2
drinks	1
drive	5
driven	12
driver	2
drives	2
driving	2
drone	1
drooping	1
drop	6
dropped	5
dropping	1
drops	4
dross	1
drove	3
drown	4
drowned	4
drum	2
drums	1
drunk	2
drunkard	1
drunken	1
dry	3
dryads	1
duchy	1
ductile	1
due	6
duel	4
duels	1
dug	3
duke	3
dull	2
dullest	1
durability	1
during	15
dusky	2
dust	5
dusty	5
dutch	23
dutchman	1
duties	8
duty	8
dwarf	1
dwell	3
dwelled	1
dwelling	6
dwellings	4
dying	7
e	2
each	86
eager	12
eagerly	6
eagle	1
eagles	1
ear	23
earlier	1
earliest	1
early	13
earn	1
earned	1
earnest	17
earnestly	10
earnestness	5
earnings	1
ears	7
earth	74
earthly	2
earthquake	1
ease	4
easily	10
east	11
east-india	2
east-indies	2
easter	2
eastern	3
easy	7
eat	10
eating	5
ebony	2
eccentric	3
eccentricities	1
ecclesiastical	2
echo	13
echoed	1
echoes	13
echoing	2
economists	1
economy	5
ecstasy	1
ed	2
eddies	1
eden	1
edge	9
edged	1
edges	1
edgeworth	3
edifice	5
edifices	1
edifying	1
editor	2
editors	1
educated	3
education	12
effect	20
effected	1
effects	4
effectually	1
effigy	1
effort	6
efforts	9
egg	1
eggs	3
egotism	1
egypt	2
egyptian	4
egyptians	1
eight	7
eighteen	3
either	16
ejected	1
elaborate	1
elapsed	1
elastic	1
elasticity	2
elbows	3
elder	1
elders	2
elections	1
electric	3
electricity	10
elegance	2
elegant	2
element	7
elements	5
elephant	1
elevated	2
elevating	1
elevation	1
elevations	1
eleventh	1
elias	2
eligible	1
elizabeth	1
elm	2
elms	1
eloped	1
eloquence	3
eloquent	6
eloquently	2
else	14
elsewhere	4
elude	1
eluding	1
elysian	2
em	7
emaciated	1
emanations	1
emancipated	2
emancipation	1
embellished	2
emblem	2
emblematic	1
emblems	2
embodied	7
embossed	1
embrace	2
embraces	1
embracing	2
embroidered	4
emeralds	2
emergencies	1
emerges	1
emigrant	4
emigrants	5
emigration	1
eminence	2
eminently	3
emotion	3
emotions	6
emperor	18
emphatic	1
emphatically	1
empire	1
employ	1
employed	5
employer	1
employment	5
emporium	1
empress	2
empties	1
empty	4
en	1
enable	7
enabled	6
enabling	1
enamoured	2
encampment	1
enchanter	1
enchanting	1
encircle	1
encircled	3
enclosed	5
enclosure	2
enclosures	1
encounter	1
encountered	4
encounters	2
encouraged	1
encouragement	3
encouragements	1
encumbered	1
end	18
endeared	3
endeavoured	1
ended	3
endless	2
endow	1
endowed	2
endowments	1
ends	2
endure	3
endured	1
enemies	2
enemy	5
energetic	2
energies	2
energy	5
enfold	2
enforced	1
engage	1
engaged	5
engineer	1
engines	3
england	13
english	14
englishman	2
englishmen	1
engrave	1
engraved	2
engraving	2
engravings	2
enjoy	4
enjoyed	1
enjoyment	2
enjoys	2
enlarge	1
enlarged	1
enlighten	1
enlightened	2
enlisted	1
ennobled	1
enormous	1
enough	44
enslave	3
entangled	2
enter	12
entered	12
entering	2
enterprising	2
enters	4
entertaining	1
entertainment	1
entertainments	1
enthusiasm	4
enthusiastic	1
enthusiasts	1
entire	8
entirely	8
entitled	1
entrance	2
entrap	1
entreaty	2
entries	1
entwined	2
envelope	1
enveloped	1
environs	3
envy	1
epic	1
episcopacy	1
episcopal	2
epitaph	2
epitaphs	1
epoch	1
equable	1
equal	7
equality	1
equalled	1
equally	4
equilibrium	1
equity	1
er	1
era	1
ere	4
erect	1
erected	11
erection	1
erie	2
ermine	2
errand	1
errands	3
erring	4
error	1
errors	2
erst	1
escape	11
escaped	2
escorted	1
especial	3
especially	8
esq	1
essence	2
establish	2
established	11
establishment	4
establishments	3
estate	1
esteem	1
estimate	3
estimation	1
etc	1
eternal	14
eternity	8
eth	1
ethiopia	1
ethiopian	3
etiquette	1
europe	3
european	3
evade	1
evasion	2
eve	2
even	80
evening	24
evenings	2
event	3
events	4
ever	140
evergreen	1
evergreens	1
everlasting	6
every	99
everybody	11
everything	27
everywhere	19
evidence	10
evident	2
evidently	6
evil	38
evils	9
evinced	3
evolutions	3
evolved	2
ewer	1
ex	1
exact	3
exactly	2
exaggerated	2
exaggerations	1
examination	1
examine	4
examined	1
examining	1
example	5
examples	1
exasperated	1
exceeded	1
exceeding	3
exceedingly	10
excellence	1
excellent	3
excels	1
except	9
exception	4
exceptions	1
excess	1
excessive	1
exchange	6
exchanged	2
exchanging	1
excite	5
excited	17
excitement	11
excites	3
exciting	2
exclaim	1
exclaimed	4
exclaims	1
exclamation	1
exclude	1
exclusive	1
exclusively	1
excrescence	1
excursion	1
excursions	1
execrations	1
execute	2
executed	5
execution	9
executioner	1
executions	5
exemplary	1
exercise	1
exercises	3
exert	2
exhaustless	1
exhibited	1
exhibition	2
exhibitions	1
exhilarating	1
exhorted	1
exile	1
exiles	1
exist	3
existed	3
existence	10
existing	1
exists	4
exit	1
exorbitant	1
exotic	1
expand	1
expanding	1
expands	2
expanse	1
expansive	1
expect	8
expectations	1
expected	3
expecting	3
expediency	1
expel	1
expenditure	1
expense	5
experience	11
experienced	2
experiences	1
experiment	4
experiments	1
expiring	1
explain	6
explained	4
explains	1
explanation	2
explanations	1
exposed	3
exposition	1
expostulation	1
express	7
expressed	6
expresses	3
expressing	1
expression	10
expressive	6
expulsion	1
exquisite	1
exquisitely	2
extended	4
extends	1
extensive	3
extent	2
exterior	2
exterminated	1
external	2
extinction	1
extinguish	1
extinguished	3
extract	1
extracting	1
extraordinary	1
extreme	7
extremely	4
extremest	1
extremity	4
exultation	2
eye	33
eyed	1
eyes	45
eyesight	2
fable	2
fabled	1
fabric	2
fabricated	1
fabulous	1
facade	1
face	31
faces	18
facetious	3
facilitate	1
facilities	1
facility	2
facing	1
fact	32
facts	5
faculties	4
faggot	1
fail	1
failed	5
failing	2
fails	1
failure	1
fain	8
faint	1
faintly	2
fair	19
fairies	7
fairly	2
fairy	18
fairyland	1
faith	41
faithful	7
fall	13
fallen	12
falling	7
falls	4
false	18
falsehood	4
falsehoods	3
falsely	1
falsity	1
falter	1
fame	4
familiar	8
familiarity	4
familiarly	1
families	6
family	25
famine	1
famous	6
fanaticism	1
fancied	3
fancies	4
fanciful	3
fancy	6
fanned	1
fantastic	9
far	63
fare	1
farewell	21
farm	10
farmer	7
farmers	3
farmhouse	2
farmhouses	1
farms	7
farther	3
farthest	1
farthing	1
fashion	19
fashionable	3
fashioned	1
fast	7
fasten	2
fastened	2
fat	1
fata	2
fatal	3
fatality	1
fate	7
father	41
father-in-law	1
fathers	2
fathoms	1
fatiguing	1
fault	4
faults	3
favour	4
favourable	3
favourite	9
favourites	1
favours	3
fear	17
feared	4
fearful	4
fearfully	5
fears	2
feast	4
feather	1
feathered	1
feathers	5
feature	5
features	8
february	3
fed	3
fee	1
feeble	3
feebly	1
feed	2
feeds	1
feel	23
feeling	20
feelings	16
feels	10
fees	3
feet	31
fell	24
fellow	10
fellow-creature	2
fellow-creatures	2
fellow-travellers	1
fellows	1
fellowship	1
felon	2
felt	23
female	1
feminine	4
fences	2
fenton	1
fern	1
ferns	2
ferry	2
fertility	1
fervent	1
fervid	3
fervour	2
festival	5
festivals	2
festoons	1
fetch	1
fetter	1
fettered	1
fetters	1
feudal	3
feuds	1
fever	2
feverish	2
few	49
fibres	1
fiction	1
fictitious	1
fidelity	1
field	8
fields	14
fiend	1
fierce	9
fiercely	1
fiercer	1
fiercest	3
fiery	6
fife	1
fifteen	3
fifty	9
fight	4
fighting	4
fights	1
figure	6
figured	1
figures	6
file	1
fill	7
filled	30
fills	4
filth	2
filthy	1
final	6
finally	3
find	39
finding	3
finds	5
fine	19
finer	1
finery	2
finest	5
finger	1
fingers	6
finish	1
finished	1
finite	7
fir	2
fire	26
firearms	1
fired	2
fireplace	2
fires	3
fireside	3
fireworks	3
firing	2
firm	2
firmament	1
firmness	1
firs	1
first	73
fish	15
fisherman	1
fishermen	1
fishing	1
fist	1
fit	6
fits	2
fitted	3
fitting	9
five	16
fix	2
fixed	11
flag	4
flags	3
flame	6
flames	2
flaming	1
flash	4
flashing	2
flattery	1
flaunting	1
flaw	1
fleecy	1
fleet	1
fletcher	1
flew	4
flexibility	1
flies	4
flight	3
flimsy	1
flings	1
flitting	2
float	3
floated	7
floating	9
floats	3
flock	1
flocking	2
flocks	2
flogged	1
flood	2
floor	4
flora	1
florence	1
florida	5
flourished	1
flourishes	1
flourishing	1
flow	5
flowed	6
flower	12
flowered	1
flowers	46
flowery	7
flowing	9
flows	6
fluctuating	2
fluctuation	1
fluctuations	1
fluid	4
fluids	1
flung	1
flush	3
flushed	1
flute	5
flutes	3
fluttered	2
fluttering	2
fly	6
flying	8
foam	1
focus	1
foe	2
fog	2
foggy	3
fogs	1
foil	1
fold	1
folded	7
folds	3
foliage	15
folks	7
follow	6
followed	8
following	14
folly	1
fond	6
fondly	2
fondness	2
font	1
food	7
fool	2
foolish	7
foot	16
footed	1
footstep	2
footsteps	2
footstool	1
foppery	1
for	727
fora	4
forbade	1
forbear	5
forbid	2
forbidden	1
forbids	1
force	16
forced	5
forces	1
forcibly	2
forcing	1
forebodings	1
forego	1
foreground	1
forehead	2
foreign	9
foreigner	2
foreigners	3
foreseen	3
forest	21
forests	4
foretell	1
forever	5
forget	13
forgive	11
forgiven	2
forgiveness	1
forgot	4
forgotten	7
fork	2
forlorn	6
form	36
formal	1
formation	1
formed	7
former	4
formerly	3
formidable	2
forming	1
forms	46
fort	1
forth	37
forthwith	1
fortitude	1
fortnight	3
forts	1
fortune	5
fortunes	1
forty	3
forty-two	1
forward	8
fou	1
fought	4
foul	1
found	50
foundation	5
foundations	7
founded	2
fountain	7
fountains	10
four	18
fours	1
fourteen	2
fourth	2
fowls	1
fox	2
fragile	1
fragment	6
fragments	7
fragrance	2
fragrant	6
frail	2
frame	8
france	3
francis	2
frank	3
franklin	4
frankness	1
frantic	1
fraud	1
freaks	1
free	35
freedom	22
freely	5
freeman	1
freewill	4
freight	1
french	16
frenchman	2
frenzy	1
frequent	7
frequented	1
frequently	8
fresh	8
freshness	3
fret	2
fretful	2
fretted	1
friend	40
friendless	3
friendly	30
friends	18
friendship	5
frigate	3
frighten	1
frightened	4
frightful	6
fringe	1
fringed	1
fringes	1
fro	1
frolic	3
from	533
front	3
fronting	1
frost	1
frosty	1
frothy	1
frown	1
frowns	1
frozen	2
frugal	1
fruit	7
fruits	2
fry	2
fuel	1
fugitive	3
fugitives	1
fulfil	5
fulfilled	3
fulfilling	1
fulfilment	2
full	40
fullest	1
fullness	2
fully	7
fume	1
fun	5
fund	1
fundamental	1
funds	1
funeral	6
fur	1
furious	3
furiously	1
furnace	2
furnish	3
furnished	3
furnishes	2
furniture	2
furs	1
further	5
fuss	1
future	24
futurity	1
gabriel	7
gaelic	1
gaiety	1
gain	2
gained	5
gaining	1
gait	3
gale	2
gallantry	3
galleries	1
gallery	3
gallon	1
gallows	11
gambols	2
game	6
games	2
gaol	2
gaols	1
garb	1
garden	30
gardener	2
gardeners	2
gardens	11
garland	4
garlands	6
garment	4
garments	17
garret	1
garrick	1
gasping	1
gate	5
gates	3
gateway	2
gather	4
gathered	5
gathers	3
gaudy	1
gaunt	1
gave	29
gay	3
gaze	9
gazed	4
gazing	4
gem	1
gems	7
gen	1
general	18
generally	10
generation	8
generations	4
generosity	1
generous	6
genial	15
genius	12
geniuses	1
genteel	5
gentile	2
gentiles	1
gentle	17
gentleman	22
gentlemen	4
gentleness	4
gentlest	3
gently	7
genuine	7
genus	1
geometric	1
george	3
germ	1
german	21
germans	2
germany	2
gesture	1
gestures	1
get	23
getting	4
ghastly	1
ghost	4
ghosts	4
giant	2
giants	1
gibbets	1
giddy	1
gift	6
gifted	5
gifts	7
gilded	4
gilt	1
gin	1
gingerbread	1
girl	11
girls	8
give	47
given	27
gives	10
giving	6
glad	7
glade	2
glades	1
gladly	5
gladsome	6
glance	6
glanced	1
glances	1
glancing	4
glare	3
glared	1
glass	6
gleam	7
gleamed	1
gleams	2
glee	2
glen	2
glide	1
glided	1
gliding	4
glimmering	2
glimpse	2
glimpses	6
glittering	12
glitters	1
globe	3
gloom	5
gloomy	2
gloried	1
glorified	1
glorious	12
glory	19
glossy	2
gloves	1
glowed	1
glowing	4
glue	1
go	43
goat	1
god	100
goddess	2
godlike	2
gods	2
goes	18
going	6
gold	9
golden	31
gone	15
goo	1
good	90
goodbye	8
goodly	1
goodness	1
goods	3
gorgeous	2
gospel	8
gospels	1
got	9
gothic	8
gout	1
govern	3
governed	3
government	16
governments	1
governor	4
governors	2
governs	1
gown	1
gowns	1
grace	12
graceful	40
gracefully	10
gracefulness	10
graces	2
grades	2
gradually	5
grain	4
grand	3
grandchildren	1
grandeur	7
grandfather	6
grandson	1
grant	10
grasped	1
grasping	1
grass	8
grasses	2
grassy	1
grated	3
grateful	7
gratefully	4
gratified	3
gratify	2
gratis	1
gratitude	3
gratuitously	1
grave	22
gravel	1
graves	6
gravity	1
grazing	1
great	110
greater	7
greatest	8
greatly	10
greatness	2
grecian	5
greece	3
greedy	3
greek	4
greeks	4
green	25
greenhouse	1
greenwich	3
greenwood	8
greeted	1
greeting	4
grew	11
grey	6
greyhounds	1
grief	6
grieve	2
grievous	2
grim	3
grimaces	1
grind	1
groaned	1
grog	1
gross	1
grossness	1
grotesque	2
grotto	1
grottoes	3
ground	19
grounds	8
groundwork	1
group	8
groups	3
grove	1
groves	6
grow	12
growing	4
growl	1
growling	1
grown	7
grows	2
growth	2
guard	4
guarded	1
guardian	4
guards	1
guess	7
guessed	2
guest	2
guidance	1
guide	9
guided	4
guides	1
guiding	1
guilders	1
guillotine	3
guilt	4
guiltless	1
guilty	7
gum	1
gun	3
gunpowder	2
guns	8
gush	7
gushed	1
gushing	2
gymnasium	1
habit	12
habitation	2
habitations	1
habits	4
habitually	3
had	334
hadn't	4
hae	1
hag	1
haggard	1
hail	5
hailed	2
hair	13
haired	1
haiti	6
half	29
halfway	2
hall	5
halls	7
halo	4
hamburg	4
hamilton	7
hamlet	2
hammer	3
hand	34
handed	5
handel	1
handkerchief	1
handle	1
hands	31
handsome	18
handsomely	1
hang	3
hanging	3
hangman	9
hangs	2
hannah	3
hanover	1
hapless	1
happen	1
happened	6
happens	2
happier	3
happiest	1
happily	3
happiness	14
happy	20
harbour	7
harboured	1
hard	13
hardened	6
hardens	1
harder	2
hardest	2
hardly	2
hardness	1
hardship	2
hardships	2
hare	2
harlem	1
harm	2
harmonious	10
harmoniously	2
harmonise	2
harmony	19
harness	1
harp	5
harps	4
harriet	1
harry	1
harsh	3
harshly	1
harshness	1
harvests	1
has	176
hast	9
haste	4
hasten	2
hastened	3
hastening	1
hastily	1
hat	10
hatchets	1
hate	3
hated	3
hateful	3
hath	14
hatred	7
hats	2
haunt	1
haunted	1
havana	1
have	416
haven't	1
having	17
hawk	2
hawthorn	1
hay	1
he	604
he'd	4
head	37
headed	2
headlands	1
headquarters	1
heads	10
heal	1
healed	2
healing	5
health	6
healthful	3
healthy	6
heap	3
heaped	1
heaps	1
hear	30
heard	53
hearest	1
hearing	3
hearken	1
hears	7
heart	143
hearted	2
hearth	1
heartless	2
hearts	37
hearty	1
heat	3
heated	3
heathen	4
heathy	1
heave	1
heaven	53
heavenly	16
heavens	9
heavier	1
heavily	2
heaviness	1
heaving	2
heavy	4
hebrew	6
hector	1
hedge	1
heedless	2
heights	3
heirs	1
held	8
helena	1
hell	9
helm	1
help	14
helped	2
helping	2
helpless	1
helps	2
hem	1
hemlock	1
hence	9
henry	2
her	317
herb	3
herbs	1
herculaneum	1
here	70
hereafter	5
hereditary	2
herein	1
heretical	1
heretics	1
herewith	1
heritage	1
heroes	2
heroic	2
heroine	1
heroism	1
hers	2
herself	11
hesitated	1
heterogeneous	1
hew	2
hewn	1
hi	1
hibernian	1
hid	3
hidden	8
hide	4
hides	1
hiding	1
hieroglyphic	2
hieroglyphics	1
high	42
high-spirited	1
higher	25
highest	32
highland	7
highly	9
highroad	1
highway	1
hill	6
hillock	1
hills	14
him	289
himself	50
hin	1
hinders	1
hindoo	4
hindostan	3
hints	1
hired	2
hirelings	1
his	576
hisses	1
historians	1
historical	1
history	18
hit	1
hither	7
hitherto	3
hive	3
hoe	1
hogarth	1
hogs	1
hogshead	1
hoist	1
hoisted	3
hold	9
holds	2
hole	3
holes	1
holiest	6
holiness	5
holland	3
hollow	2
holy	30
homage	3
home	54
homely	3
homer	1
homes	8
homeward	4
honest	7
honestly	1
honesty	3
honour	9
honourable	1
honoured	1
honours	2
hood	1
hoods	1
hook	1
hoop	3
hoops	1
hope	24
hoped	1
hopeful	2
hopeless	2
hopes	4
horizon	3
horizontal	1
horn	3
hornet	1
horny	1
horrible	4
horribly	1
horror	4
horrors	1
horse	7
horses	13
hospital	3
hospitals	1
host	6
hostile	2
hot	11
hotel	4
hotels	1
hotter	1
hottest	1
hound	1
hour	19
hours	14
house	43
household	9
houseless	2
houses	27
hove	1
how	118
however	17
howl	3
howling	1
howls	1
huddled	1
hudson	12
hue	3
hues	2
huge	7
hughes	1
hull	1
hum	2
human	93
human-nature	1
humane	3
humanely	1
humanity	3
humble	12
humbled	1
humblest	1
hume	2
humility	4
humming	2
humour	1
hundred	38
hundreds	4
hung	13
hunger	2
hungry	8
hunt	2
hunted	2
hunter	2
hunting	3
hurl	1
hurried	1
hurries	1
hurry	2
hurrying	2
hurt	1
husband	9
hush	4
hushed	2
hut	3
hyacinth	1
hymn	6
hymns	2
i'd	6
i'll	5
i'm	3
i've	11
ia	2
ice	4
iceland	1
icon	1
idea	34
ideal	3
ideas	14
identical	2
identity	1
idiot	1
idle	6
idleness	1
idol	2
idols	1
if	283
ife	1
ignominious	1
ignorance	6
ignorant	9
ii	8
iii	3
il	3
ill	10
illiberal	1
illinois	1
ills	2
illuminated	5
illusion	1
illustrated	1
illustration	3
ils	1
image	18
imagery	1
images	20
imaginable	2
imaginary	1
imagination	27
imaginations	3
imagine	8
imagined	6
imagining	1
imbibe	1
imbued	2
imitate	3
imitated	2
imitating	1
imitation	7
imitations	2
imitator	1
immediate	1
immediately	5
immemorial	2
immense	8
immensely	1
immensity	2
immoral	1
immortal	7
immortality	5
immoveable	1
impart	1
imparts	1
impatience	1
impatient	4
impatiently	1
impelled	2
imperceptible	1
imperfect	5
imperfectly	2
imperial	4
implacable	1
implied	1
implores	1
imploring	1
imply	1
implying	1
impolite	2
impolitic	1
import	2
importance	2
important	9
imposed	2
imposing	3
impossible	3
imposture	1
impoverished	1
impress	2
impressed	12
impresses	1
impression	7
impressions	2
impressive	8
imprisoned	5
imprisonment	1
improper	1
improve	1
improved	1
improvement	6
improvements	1
improving	2
impudence	1
impulse	9
impulses	3
impunity	1
impure	1
in	1704
ina	2
inability	1
inadvertently	1
inanimate	2
incalculable	2
incapable	2
incapacity	1
incense	1
incessant	1
inch	2
inches	2
incident	6
incidents	4
incitement	1
inclined	3
inclining	1
include	2
included	2
including	1
incoherent	2
income	1
incomplete	1
incomprehensible	2
incongruity	3
inconsistency	1
incontrovertible	1
inconvenience	1
inconveniences	1
inconvenient	2
incorporated	1
increase	6
increased	6
increasing	5
incredible	4
incredulity	1
incubation	1
incursions	1
indebted	1
indecency	1
indeed	23
indefatigable	1
indented	1
independence	5
independent	1
index	5
indian	19
indiana	1
indians	25
indicate	2
indicated	3
indicates	2
indicating	2
indication	2
indications	1
indifference	5
indigent	1
indignation	5
indirectly	1
indisposed	1
indistinct	1
individual	22
individuals	7
induce	2
induced	2
indulge	2
indulged	1
indulgence	2
industrious	1
industriously	1
industry	3
inevitable	2
inevitably	2
inexpressible	2
inexpressibly	1
infamy	1
infancy	4
infant	10
infants	1
inference	2
inferior	1
inferiority	2
infernal	5
inferred	1
infest	1
infidel	1
infinite	32
infinitely	1
infinity	4
infirmity	2
influence	30
influences	20
influential	1
information	1
informed	8
ingenious	1
inglorious	1
ingratitude	1
ingredient	1
inhabitant	1
inhabitants	4
inhabited	3
inhabits	1
inherit	2
inheritance	1
inherited	1
inheriting	1
inimitable	2
initials	2
initiated	1
injudicious	1
injunction	2
injured	3
injurious	1
injury	2
injustice	4
ink	1
inlaid	1
inmate	2
inmates	2
inmost	6
inner	2
innocence	5
innocent	14
innovation	2
innumerable	6
inoffensive	1
inquire	4
inquired	8
inquirer	1
inquiries	1
inquiry	3
ins	1
insane	2
insanity	7
inscribed	8
inscription	2
inscriptions	2
insect	1
insects	2
insensibility	1
insensibly	1
inserted	1
inside	2
insight	6
insignificant	1
insist	1
insists	1
insomuch	2
inspecting	1
inspection	1
inspire	2
inspired	5
inspires	1
instance	3
instances	4
instant	3
instantaneous	1
instantly	6
instead	14
instil	1
instinct	8
instinctive	2
instincts	10
institution	1
institutions	4
instructed	1
instruction	1
instructive	1
instrument	9
instrumental	1
instruments	2
insufficient	1
insult	5
insulted	3
insulting	2
insurance	1
insurrection	1
intellect	10
intellectual	10
intelligence	1
intelligent	7
intemperance	1
intend	2
intended	7
intending	1
intends	1
intense	4
intensely	1
intensity	1
intent	1
intention	3
intently	4
intercede	1
intercession	1
intercourse	2
interest	15
interested	5
interesting	7
interests	2
interior	3
interludes	1
intermediate	1
interposed	1
interposition	1
interpreter	1
interrupted	2
interruption	1
interval	1
intervals	2
intervening	2
interview	4
interwoven	2
intimate	4
into	212
intolerable	2
intoxication	1
introduced	3
introduces	1
introducing	1
intrude	2
intruded	1
intrusion	1
invalid	1
invariable	1
invariably	1
invented	6
invention	1
inventions	3
inventive	1
invested	1
investigations	1
inveterate	2
invisible	9
invitation	2
invited	5
involuntarily	1
involved	5
involves	1
inward	21
inwardly	3
ireland	2
iris	2
irish	11
irishman	1
irishmen	1
irksome	1
iron	10
irons	2
irreconcilable	1
irregularly	1
irreverent	1
irritation	1
irving	2
is	844
isaac	5
island	37
islands	3
isle	2
israel	7
israelites	1
issue	2
issued	1
issuing	1
it	1033
ita	1
italian	5
italy	4
its	298
itself	50
iv	2
ix	3
jack	2
jacket	2
jacob	4
jaded	1
jagged	1
jamaica	1
james	2
jane	5
january	5
jar	1
jargon	2
jars	1
jealous	1
jealousy	2
jean	4
jehovah	4
jersey	1
jerusalem	6
jest	2
jesus	9
jet	4
jew	3
jewel	1
jewels	6
jewish	9
jews	29
joan	1
job	1
john	16
johnson	3
join	3
joined	3
joint	1
jointed	1
joke	4
jokes	2
joking	1
journal	3
joy	20
joyful	4
joyfully	1
joyous	6
juan	1
jubilee	1
judah	3
judaism	3
judea	6
judge	5
judged	1
judgement	3
judges	3
judging	1
judiciously	1
juicy	1
julia	11
july	4
jump	2
jumped	4
jumps	1
june	6
jungle	1
jupiter	2
juries	2
jury	1
just	23
justice	8
justifiable	1
justify	1
jutting	1
juvenile	1
kate	1
keen	8
keenly	2
keep	16
keeper	1
keeping	11
keeps	2
ken	1
kensington	1
kepler	1
kept	19
kettles	1
key	2
kick	1
kicks	2
kill	4
killed	6
killing	1
kills	3
kind	33
kindest	1
kindhearted	4
kindle	2
kindled	6
kindles	1
kindling	2
kindly	13
kindness	16
kindred	5
kinds	4
king	7
kingdom	4
kingdoms	1
kingly	1
kings	2
kirk	1
kiss	4
kissed	1
kissing	1
kitchen	2
knave	2
knavery	1
knavish	1
knee	2
kneel	1
kneeling	7
knees	5
knelt	1
knew	25
knife	6
knight	1
knives	2
knock	1
knocked	3
knot	1
know	77
knowest	3
knoweth	1
knowing	2
knowledge	10
known	17
knows	10
knox	1
koran	1
la	2
laborious	1
labour	7
laboured	1
labourer	1
labourers	4
labouring	1
labours	1
labyrinth	1
lace	1
lack	1
lad	10
ladder	3
ladders	1
laden	4
ladies	6
lads	1
lady	28
laid	18
lake	12
lamb	1
lambs	1
lame	1
lamentations	1
lamented	1
lamp	5
lamps	6
land	21
landed	2
landlord	1
lands	10
landscape	8
landscapes	1
lane	2
lanes	2
language	31
languages	3
languid	1
lantern	4
lap	5
lapland	1
lapse	3
lares	1
large	45
largely	3
larger	1
lark	1
lashed	2
lashes	1
lassitude	1
last	55
lasting	1
lastly	1
lasts	1
late	7
lately	8
lateral	2
latter	3
lattice	1
laud	1
laugh	9
laughed	4
laughing	4
laughter	5
launched	1
laurel	1
lava	1
law	39
lawful	1
lawgiver	1
laws	34
lawson	1
lawyer	4
lawyers	1
lay	12
lays	2
lazy	3
lead	6
leaden	1
leading	4
leads	4
leaf	6
leafless	2
leafy	1
leaned	5
leaning	1
leap	6
leaping	2
leaps	3
leapt	3
learn	15
learned	23
learning	2
least	19
leave	17
leaves	17
leaving	3
lecture	1
led	20
lee	1
leer	1
lees	1
left	29
legal	6
legend	1
legendary	1
legends	3
legislation	2
legislative	2
legislators	3
legislature	1
legislatures	1
legitimate	1
legs	4
len	1
length	2
lengthened	1
lenient	1
leo	1
leonard	1
leslie	1
less	32
lessen	1
lesson	6
lessons	2
lest	8
let	60
lets	1
letter	89
letters	152
level	11
li	1
liable	1
liars	1
lias	1
liberal	2
libertine	1
liberty	2
libraries	2
library	2
licence	1
licentious	1
lid	1
lie	15
lies	19
lieu	3
life	105
lifeless	4
lifted	3
light	61
lighted	6
lighter	2
lightly	2
lightning	10
lights	8
like	245
likely	5
likeness	5
likenesses	1
likes	1
likewise	19
lilies	1
lily	3
limbs	4
lime	2
limit	2
limited	2
limits	1
lincoln	1
line	7
linen	2
lines	8
linger	2
lingered	5
lingering	1
lingers	1
link	5
linked	2
links	2
linnets	1
lion	3
lip	4
lips	5
liquid	8
liquour	1
liquours	1
lire	1
lis	1
lisp	1
listen	6
listened	7
listening	5
listens	2
listless	1
literally	2
literature	5
little	161
littleness	1
littleton	1
live	32
lived	11
livelihood	1
livelong	2
lively	3
lives	4
living	19
lo	14
load	6
loaded	6
loads	1
loathing	1
loaves	1
local	3
localities	1
lock	1
locked	3
locks	2
lodged	1
lodgings	2
lofty	2
log	3
logic	1
london	9
lone	6
loneliness	4
lonely	4
long	75
longer	17
longing	2
longs	1
look	59
looked	51
looking	27
looks	14
loose	1
loosened	1
lord	11
lore	1
lorraine	1
lose	6
loser	1
losing	1
loss	4
losses	1
lost	14
lot	3
lothian	1
lots	2
lottery	1
lotus	1
loud	8
louder	1
loudly	1
louis	2
lounge	1
love	119
loved	18
lovel	1
loveless	1
loveliest	3
loveliness	3
lovely	16
lover	4
lovers	5
loves	11
loving	19
low	8
lower	3
lowered	1
lowers	1
lowest	3
loyalty	1
lt	1
lucid	1
luck	3
luckily	5
lucky	3
ludicrous	2
luminous	2
lunatic	2
lungs	3
lured	1
luther	1
luxuriant	1
luxury	3
lyceum	1
lying	8
ma'am	10
macdonald	8
machine	3
machinery	8
machines	1
mad	10
madam	2
madame	1
made	99
madness	2
madonna	1
madrid	2
mae	1
magic	8
magistrate	1
magnanimity	1
magnanimous	1
magnet	2
magnetic	5
magnetism	10
magnificence	3
magnificent	12
magnify	1
mahogany	2
mai	1
maid	1
maiden	4
maidens	2
maids	1
maimed	1
main	3
mainly	4
maintain	2
maintained	1
maintains	1
maintenance	1
majestic	7
majestically	1
majesty	6
major	6
major-general	1
majority	1
make	60
maker	2
makes	27
making	17
malay	1
male	1
malice	1
mammon	3
man	151
managed	2
manager	2
manhood	5
maniac	1
manifest	4
manifestation	1
manifestations	3
manifested	2
manifesting	1
manifold	5
mankind	8
manly	1
manner	10
manners	1
manoeuvres	2
mansion	7
mantle	4
mantled	1
mantles	6
manufacture	1
manufactured	2
manufacturing	1
manuscripts	3
many	83
maple	1
marat	1
marble	12
marbles	3
march	10
marched	1
marches	1
margin	3
maria	3
marie	1
marine	2
mark	4
marked	7
market	9
markets	1
marks	1
marriage	10
married	10
marries	1
marry	5
marseilles	1
marsh	1
marshals	2
marshes	2
marshy	1
martha	1
martial	1
martin	1
marvel	3
marvellous	4
marvellously	1
mary	9
masculine	1
mask	2
masks	2
mason	2
masquerade	2
mass	7
massa	2
massachusetts	3
massacre	2
masses	10
massive	2
master	6
masters	2
masthead	2
mat	1
match	2
matches	1
mate	3
material	8
maternal	1
mates	1
mathematicians	1
mathematics	1
matron	2
matted	1
matter	20
matters	3
matthews	2
matting	1
matured	1
maturer	1
maturity	1
maxims	8
may	99
may-day	3
maybe	3
mayest	3
mazes	2
mazy	1
me	303
mea	1
meadows	1
meal	1
mean	12
meanest	1
meaning	14
means	23
meant	3
meantime	3
meanwhile	5
measure	3
measured	4
measures	1
measuring	1
mechanic	1
mechanical	4
mechanism	1
medal	1
mediation	2
medicinal	2
medicine	2
medicines	1
medium	7
meek	5
meekly	3
meekness	1
meet	23
meeting	8
meetinghouse	1
meetings	6
meets	1
mein	2
melancholy	7
mellow	5
melodious	3
melody	10
melt	6
melted	3
melting	3
melts	1
member	1
members	4
memento	2
memorial	1
memorials	3
memories	2
memory	22
men	107
menial	1
mente	1
mention	3
mentioned	4
mentioning	1
mer	1
mercantile	1
mercenary	1
merchandise	1
merchant	7
merchants	4
merciful	2
mercifully	1
merciless	1
mercurial	1
mercury	1
mercy	7
mere	13
merely	16
merit	2
merits	1
merrily	1
merriment	2
merry	3
mes	1
mess	1
message	4
messages	1
messenger	2
messengers	2
messiah	2
messrs	1
met	17
metal	3
metallic	1
metals	1
metaphor	1
metaphors	1
methinks	2
method	1
methodist	3
methodists	3
metropolis	1
mettle	1
mice	1
michael	1
michaelmas	1
microscope	1
mid	2
midday	1
middle	4
midnight	8
midst	16
midsummer	2
might	83
mightier	2
mightiest	1
mightily	2
mighty	7
mild	8
mildly	2
mildness	1
mile	3
miles	13
military	6
militia	1
milk	6
mill	3
million	2
mills	1
milton	4
mimic	3
mind	69
minded	1
minds	14
mine	10
mineral	5
minerals	7
mines	3
mingle	1
mingled	4
mingles	4
mingling	1
miniature	2
minister	4
ministered	1
ministers	3
ministry	2
minor	1
minster	1
minstrel	1
minstrelsy	1
minute	1
minutes	2
minutiae	1
mio	1
miracle	1
miracles	6
miraculous	4
mirror	6
mirrors	1
mirth	2
mirthful	4
misapplied	2
mischief	4
mischievous	2
miserable	3
misery	11
misfortune	4
misled	1
misrepresentation	1
misrepresentations	1
misrepresented	1
miss	1
missed	2
misses	1
missing	2
mission	12
missionaries	1
missionary	3
missions	1
mississippi	1
missouri	2
mist	4
mistake	4
mistaken	3
mistakes	1
mists	2
misty	1
misunderstood	1
mit	1
mitred	1
mix	2
mixed	3
mixture	1
mm	1
moans	1
mob	1
mockery	6
mocking	5
mode	2
model	4
models	1
modem	1
moderate	1
moderation	1
modern	9
modes	3
modest	3
mohammedan	4
mohawk	1
moliere	1
moment	21
moments	2
mon	1
monarch	1
monastery	1
monday	1
money	20
monitor	1
monk	1
monkey	1
monkeys	1
monks	1
monopolies	1
monopolise	2
monotonous	2
monroe	1
monsieur	1
month	8
months	7
monument	7
monuments	3
mood	7
moods	1
moon	19
moonlight	15
moore	1
moral	26
moralist	3
moralists	1
morality	3
morally	5
morals	5
more	186
moreover	8
morgan	1
morning	31
morose	2
morrow	1
mortal	6
mortals	2
mortar	6
mortgage	2
mortgaged	1
moscow	3
moses	11
moslem	1
moss	9
mosses	2
mossy	1
most	144
mostly	6
mother	40
mothers	3
motion	7
motionless	2
motions	5
motive	2
motives	4
motto	1
mould	2
mouldering	1
mound	2
mounds	1
mount	8
mountain	8
mountains	8
mounted	2
mourn	4
mourner	1
mournful	4
mournfully	2
mourning	4
mouse	1
mouth	7
mouths	1
move	7
moved	6
movement	3
movements	6
moves	6
moving	6
mr	14
mrs	11
much	85
mud	4
muddy	1
mulatto	2
mulberry	1
multitude	9
multitudes	4
murder	14
murdered	1
murderer	1
murderers	5
murky	1
murmur	2
murmuring	3
muscular	1
muse	1
mused	1
museum	3
mush	1
mushrooms	1
music	84
musical	6
musician	4
musicians	3
muskets	1
muslin	1
must	80
musulman	1
mute	4
mutilated	1
mutter	2
muttered	2
muttering	3
mutual	2
my	368
myrmidons	1
myself	29
mysterious	9
mystery	12
mystic	2
mystical	2
mythology	1
nabobs	1
naiads	1
nail	2
nailed	1
nails	3
naked	1
name	41
named	9
names	9
nan	2
nap	1
napoleon	2
narrator	1
narrow	11
narrowness	1
narrows	1
nasal	1
nation	12
national	5
nations	25
native	3
natives	2
natural	24
naturally	7
nature	99
natures	1
naval	1
navies	1
navy	3
nay	14
nd	1
near	39
nearer	6
nearly	17
neat	3
neatly	5
neatness	2
necessarily	2
necessary	13
necessities	3
necessity	14
neck	2
need	19
needed	9
needle	1
needs	12
neglect	3
neglected	4
negro	3
negroes	2
neighbour	7
neighbourhood	9
neighbouring	3
neighbours	16
neither	7
nephew	2
neptune	4
nerve	2
nerves	2
nervous	3
ness	1
nest	18
nests	2
nether	1
nettle	1
network	1
never	123
never-failing	1
nevertheless	9
new	76
new-england	6
new-hampshire	1
new-york	172
new-zealand	2
newborn	1
newgate	1
newly	5
news	4
newspaper	1
newspapers	2
newton	3
next	21
nice	8
nicely	3
nicholas	2
nicholson	1
nie	1
niece	2
nigh	4
night	27
nightingale	1
nightly	1
nights	1
nighttime	1
nile	1
nimble	1
nine	4
nineteen	2
nineteenth	7
no	223
nobility	1
noble	17
nobleman	5
nobleness	1
nobler	3
noblest	2
nobody	4
nod	1
nodded	1
nodding	2
noise	1
noises	1
noisy	3
non	2
none	26
nonresistance	1
nook	4
noon	3
noontide	1
nor	22
norman	1
north	10
northeast	3
northern	7
noses	1
not	527
nota	1
note	8
notes	9
nothing	35
notice	2
noticing	1
noting	1
notion	1
notions	3
notwithstanding	3
nought	2
nouns	1
nourishment	1
novel	1
november	5
novice	1
now	110
nowhere	1
nu	1
nucleus	1
number	9
numbered	1
numbers	4
numerous	8
nun	1
nuns	1
nuremberg	2
nursed	1
nurtured	1
nut	2
nymph	2
nymphs	9
o'clock	5
oak	4
oaks	1
oars	1
oath	1
obedience	5
obedient	3
obelisk	1
obelisks	1
obey	2
obeyed	2
obeying	1
object	14
objected	1
objection	1
objectionable	1
objections	1
objects	8
obliged	3
oblique	1
oblivion	2
obscured	1
observable	3
observance	1
observances	1
observation	2
observations	1
observe	10
observed	12
observer	1
observers	1
observing	1
obstacles	1
obstinate	1
obstruction	1
obstructions	2
obtain	6
obtained	4
obtaining	1
obvious	8
obviously	10
occasion	5
occasional	1
occasionally	2
occasioned	3
occasions	1
occupants	1
occupation	2
occupied	5
occupies	1
occupy	2
occurred	3
occurs	1
ocean	15
och	1
october	5
od	1
odd	4
oddly	2
odious	2
of	3501
off	42
offence	2
offences	1
offender	1
offending	1
offends	1
offensive	3
offer	9
offered	13
offering	2
offers	2
office	15
officer	3
officers	7
offices	1
offspring	1
oft	1
often	39
oftener	2
oftentimes	2
oh	25
oil	2
old	134
old-fashioned	3
olden	7
older	2
oldest	2
olive	3
omen	1
omnipotence	1
omniscience	1
on	541
on't	2
onboard	1
once	48
one	289
ones	14
only	101
onward	2
open	31
opened	14
opening	5
openly	2
opens	3
opera	1
operated	1
operating	1
operation	3
operations	2
operator	2
ophelia	1
opinion	28
opinions	6
opponents	2
opportunity	3
opposed	2
opposing	1
opposite	9
opposition	1
oppressed	1
oppresses	1
oppressions	1
oppressive	6
or	298
oracle	2
oracles	1
orang	1
orange	3
oratorio	1
orchard	1
orchards	2
orchestra	2
ordained	2
ordeal	1
order	17
ordered	5
orders	4
organ	7
organisation	3
organised	3
organist	1
oriental	6
origin	6
original	4
originally	2
originals	1
originating	1
orleans	2
ornamented	1
ornaments	3
orphans	3
orthodox	1
other	123
others	40
otherwise	9
ought	11
our	168
ours	6
ourselves	9
out	119
outcast	1
outcasts	1
outer	1
outlet	1
outline	3
outright	1
outset	1
outside	5
outward	42
outwardly	1
over	119
overboard	1
overcome	8
overhanging	1
overhead	2
overheard	1
overloaded	1
overlook	1
overlooked	1
overpowering	1
overrun	2
overspread	1
overwhelmed	3
overwhelming	1
owe	1
owed	2
owes	3
owing	4
owl	1
own	122
owned	1
owner	4
ox	2
oxen	1
oysters	2
pa	2
paced	1
paces	1
pacific	3
pacify	1
pack	2
pag	1
pagans	2
page	4
pageant	4
pageantry	1
pages	1
pagodas	1
paid	7
pain	3
pained	1
painful	10
painfully	3
paint	3
painted	18
painting	1
paintings	2
paints	1
pair	2
pairs	1
palace	4
palaces	2
pale	7
palestine	4
pall	2
palliate	1
pallid	1
palm	4
palms	3
palsy	1
pamphlet	3
pan	1
panting	1
pantomime	1
paper	4
papers	2
parade	1
paradise	6
paraguay	1
parchment	1
pardon	2
pare	1
parents	8
paris	4
parisian	3
park	5
parks	1
parley	1
parliament	1
parlour	4
parrot	3
part	24
partaking	1
parted	1
partialities	1
partiality	1
particular	8
particularly	5
particulars	2
parties	2
parting	3
partly	3
partner	1
partners	1
partook	1
parts	5
party	5
pass	21
passage	5
passed	37
passes	11
passing	10
passion	8
passions	7
passive	1
past	54
pastor	1
pasturage	1
pasture	1
pastures	3
patch	3
path	18
pathetic	1
pathos	4
paths	6
pathway	4
patience	4
patient	4
patiently	4
patriarch	1
patriarchal	4
patriot	1
patriotism	1
paul	9
pauper	1
paupers	1
pause	1
paused	2
pave	1
pavement	5
pavements	1
pavilion	1
paving	1
pay	6
paying	1
payment	2
pays	1
peace	8
peaceably	1
peaceful	2
peach	2
peaches	1
peal	2
pealing	1
peals	1
pear	1
pearl	4
pearls	3
peasant	5
peasantry	1
peasants	1
pebble	2
pebbles	3
peculiar	10
peculiarly	8
pecuniary	1
pedant	1
peep	6
peeping	3
peeps	3
peevish	1
pegasus	1
pelting	1
pen	3
penalties	1
pence	2
pencil	1
pendant	2
pendulum	1
penetrate	1
penitentiary	6
penknife	1
penn	3
pennsylvania	1
penny	4
pension	1
pensioners	1
pent	4
people	51
peopled	2
per	1
peradventure	1
perceivable	1
perceive	18
perceived	7
perceives	2
perceiving	1
perception	4
perceptions	5
perch	1
perchance	19
perched	4
perennial	1
perfect	25
perfected	2
perfection	4
perfectly	7
perform	12
performance	2
performed	6
performer	1
perfume	1
perhaps	40
peril	1
perils	1
period	7
periods	1
perish	1
perishing	3
permanent	4
permission	1
permit	1
permitted	1
perpendicular	1
perpetrated	1
perpetual	20
perpetually	3
perpetuate	1
perpetuating	1
perplex	1
perplexed	1
persecuted	1
perseverance	2
persevering	2
persian	4
persians	1
persisted	1
person	3
personage	1
personal	2
persons	7
perspective	3
perspiration	1
persuade	2
persuaded	2
persuading	1
persuasion	1
persuasive	2
pertinacity	1
pervade	3
pervades	4
pervading	2
perversion	1
pervert	2
perverted	7
pestilence	2
pestilential	1
pet	3
peter	7
petersburg	4
petit	1
petrified	2
phalanx	1
phantom	2
pharaoh	1
phenomena	4
phenomenon	2
philadelphia	11
philosopher	2
philosophers	3
philosophic	2
philosophically	1
philosophy	8
phosphoric	1
phrase	12
phrases	6
physical	17
physically	3
physician	1
physicians	3
physiognomy	1
piano	1
piazza	2
pick	1
picked	1
picking	4
picture	9
pictured	1
pictures	6
picturesque	4
piece	6
pieces	3
piedmont	3
pierced	2
piercing	1
pies	1
pigs	3
pile	1
piled	1
piles	4
pilgrim	2
pilgrimage	9
pilgrims	1
pillory	1
pillow	4
pin	1
pinching	1
pine	6
pines	1
pinions	1
pink	1
pinned	1
pins	1
pious	1
pipe	4
piper	1
piping	1
piracy	2
pirate	3
piratical	1
pistol	1
pistols	2
pit	3
pitch	4
piteous	1
pitiable	1
pitied	3
pitiful	3
pitiless	1
pitt	2
pity	6
pitying	1
place	46
placed	15
places	18
placing	2
plague	2
plagues	1
plaid	3
plain	4
plainest	2
plainly	10
plainness	1
plains	1
plaintive	5
plan	5
plane	6
planes	1
planets	6
plank	1
planned	3
planning	1
plans	3
plant	10
plantain	2
plantation	2
planted	6
planter	2
planters	1
plants	1
plaster	1
plate	2
platform	1
plato	7
platoon	1
platoons	2
play	19
played	5
player	2
playful	1
playing	10
plays	2
plaything	1
plea	1
pleaded	1
pleading	1
pleasant	25
pleasantly	1
pleasantness	1
please	7
pleased	8
pleasing	3
pleasurable	1
pleasure	9
plenty	3
pliant	2
plies	1
plot	1
plots	1
plough	1
plucking	1
plumage	1
plume	1
plunge	2
plunged	2
pluto	1
ply	1
plying	1
pocket	2
poem	1
poet	10
poetic	14
poetry	10
point	15
pointed	2
pointing	2
points	10
poise	1
poison	1
poisoned	1
poisonous	1
poland	1
polar	2
pole	1
poles	8
police	6
policy	3
polish	2
polished	1
polite	1
politeness	3
political	12
politician	2
politics	3
poll	1
pollute	1
polluted	5
pollution	1
pond	3
pool	1
pools	2
poor	80
poorer	1
poorly	1
pope	1
poplar	1
poppies	1
populace	3
popular	8
popularity	1
population	3
pore	1
porridge	1
port	1
portable	1
portion	11
portions	3
portrait	3
portraits	3
portuguese	1
position	7
positive	1
possessed	1
possesses	1
possessions	1
possible	8
possibly	1
post	2
posterity	4
postpone	1
postponed	1
potatoes	5
potent	1
pouches	1
poultry	2
pounds	2
pour	1
poured	6
pouring	2
poverty	10
powder	3
power	41
powerful	9
powerfully	1
powerless	1
powers	5
practical	5
practically	1
practice	8
practised	2
prairie	1
prairies	3
praise	4
praised	2
praises	2
pranks	2
prattle	1
pray	8
prayed	2
prayer	9
prayers	3
praying	1
preach	8
preacher	2
preachers	2
preaches	2
preaching	2
precarious	1
precaution	2
preceded	2
precedes	1
preceding	3
precincts	2
precious	3
precipitous	2
precisely	6
predecessor	1
predominance	3
preeminently	1
prefer	4
preference	1
preferred	1
preferring	2
prejudice	4
prejudices	3
prematurely	2
premier	1
premises	5
preparation	1
preparations	1
prepare	5
prepared	7
preparing	1
presbyterian	1
prescribe	1
prescribed	2
presence	17
present	42
presented	2
presently	2
presents	3
preservation	2
preserve	2
preserved	4
preserves	1
preserving	1
preside	1
presidency	1
president	3
pressing	1
pressure	8
presuming	1
pretence	1
pretending	1
pretensions	3
prettiest	1
pretty	19
prevailed	1
prevailing	3
prevails	2
prevalent	2
prevent	4
prevented	3
prevents	1
previous	1
prey	3
preyed	1
price	7
prices	1
pricking	1
pride	9
priest	10
priestess	2
priesthood	1
priests	1
prim	1
primaeval	1
prince	8
princely	4
princes	3
principal	2
principle	13
principles	9
print	1
printed	4
printer	1
printing	2
prismatic	1
prison	17
prisoner	8
prisoners	4
prisons	11
private	6
privation	2
privilege	1
privileges	2
prizes	1
pro	1
probable	2
probably	24
problem	1
proceed	1
proceeded	1
proceeding	1
proceedings	2
proceeds	1
process	9
procession	5
proclaimed	2
proclaiming	2
proclaims	1
procure	1
procured	2
prodigality	1
prodigious	5
produce	10
produced	16
produces	5
producing	1
product	1
production	2
productions	2
productive	2
profanation	1
profaned	2
profess	2
professedly	1
profession	3
proffer	1
profit	1
profitable	1
profligacy	1
profligate	2
profound	2
profusely	1
profusion	1
progenitors	1
progress	13
progression	3
progressive	3
progressively	1
prolonged	2
prolonging	1
prom	1
promenade	3
prominent	1
promise	7
promised	7
promises	3
promising	1
promontory	1
promote	2
prompt	1
promptitude	1
prone	8
pronounce	2
pronounces	2
proof	5
proofs	3
propensity	2
properties	1
property	2
prophecies	1
prophecy	10
prophesied	4
prophesy	3
prophet	5
prophetic	4
prophets	3
proportion	12
proportioned	1
proportions	2
proposed	5
proposition	2
proprietor	1
prosaic	2
prose	1
prospect	2
prospered	1
prosperity	3
prosperous	3
prostrated	1
prostration	2
protect	1
protected	1
protection	6
protest	2
protestant	6
protestants	1
protestations	1
protested	1
protracted	1
proud	8
prove	8
proved	8
provender	1
proverb	1
proverbial	1
proves	4
provide	1
provided	4
providence	16
providing	1
proving	1
provision	1
provoked	1
provoking	1
prowling	1
proximity	1
prudence	1
prudent	1
pruning	1
psalmist	1
psalms	1
public	42
public-house	3
publications	1
publish	3
published	4
publisher	1
publishers	1
puerile	1
puffing	1
pull	3
pulled	4
pulling	1
pulp	1
pulpit	4
pumps	1
punish	2
punished	1
punishes	4
punishing	1
punishment	11
puny	1
pupil	1
pupils	2
puppies	1
purchase	3
purchased	7
purchaser	1
purchasing	1
pure	19
purely	1
purer	1
purest	1
purgatory	1
purged	1
purified	2
purify	1
purifying	2
puritan	1
puritans	1
purity	3
purple	4
purporting	1
purpose	10
purposes	7
purse	3
pursued	3
pursuit	1
pursuits	4
push	1
pushed	1
pushing	1
puss	2
put	24
puts	2
putting	1
puzzle	1
puzzled	2
pyramids	1
pythagoras	1
quaint	1
quaker	5
quakers	2
qualified	2
qualities	1
quality	2
quantities	1
quantity	1
quarantine	4
quarrel	3
quarrelling	1
quarrels	2
quarrelsome	1
quarters	1
queen	4
queens	1
queer	2
quell	1
quenched	1
query	1
quest	1
question	8
questioned	1
questioning	1
questions	6
quick	3
quiet	26
quietly	4
quit	5
quite	12
quivered	1
quivering	1
quoting	1
rabbi	3
race	28
races	6
racket	1
radiance	2
radiant	3
radiating	1
radii	1
raft	1
rafters	1
rage	2
rages	1
ragged	10
rags	4
rail	3
railroad	7
railroads	4
rain	6
rainbow	13
rains	3
rainy	1
raise	3
raised	8
raises	1
raising	2
rake	3
rakes	1
ramble	2
rambled	2
rambles	3
ran	9
randall	1
random	1
ranged	2
rank	2
raphael	1
rapid	7
rapidity	2
rapidly	4
rare	3
rarely	5
rarest	4
rarity	1
rascal	2
rascals	2
rate	1
rather	21
ratification	1
ratio	1
rational	4
rats	1
rattle	1
rattling	1
raved	1
raving	1
ravings	1
ray	2
reach	5
reached	4
reaches	2
reaching	1
read	26
reader	1
readers	3
readily	2
reading	8
reads	1
ready	12
real	18
realise	1
realised	3
realities	3
reality	4
really	15
realm	2
rear	2
reared	3
rears	1
reason	25
reasonably	1
reasoned	2
reasoning	2
reasons	5
rebecca	2
rebuke	5
rebuked	1
rebukes	1
recall	1
recalled	3
receive	20
received	13
receives	1
receiving	4
recent	2
reception	1
recesses	4
recite	1
reckless	4
recognise	4
recognised	4
recognises	1
recollect	2
recollected	2
recollecting	1
recollection	3
recollections	5
recommends	1
reconcile	1
record	7
recorded	5
records	5
recount	1
recover	4
recovered	3
rectitude	1
red	26
reddish	1
redeem	1
redeemed	2
redemption	1
redoubled	1
reduced	2
reeds	1
reel	1
references	1
refined	4
refinement	4
refinements	1
reflect	3
reflected	10
reflecting	2
reflections	1
reflects	1
reform	5
reformed	4
reformer	3
reformers	4
reforming	2
reforms	1
refractory	1
refrain	2
refresh	2
refreshing	4
refreshment	3
refreshments	1
refuge	3
refund	1
refuse	2
refused	5
regal	2
regard	5
regarded	6
regards	1
regiment	1
regimentals	1
region	6
regions	2
regret	3
regretted	1
regretting	1
regular	2
regularity	1
regularly	2
regulate	1
regulated	4
regulation	1
regulations	1
reign	4
reigned	1
reigns	1
rein	1
reiterated	1
reject	1
rejected	3
rejoice	8
rejoices	2
rejoicing	4
relate	1
related	3
relates	4
relation	16
relations	5
relationship	4
relatives	1
relaxed	1
release	2
relic	2
relics	2
relief	4
relieve	2
relieved	3
religion	12
religions	2
religious	29
relinquished	1
reluctance	2
reluctant	2
reluctantly	3
remain	10
remained	12
remaining	1
remains	14
remark	7
remarkable	16
remarkably	1
remarked	2
remarks	6
remedy	2
remember	6
remembered	9
remembers	2
remembrance	3
remembrances	1
remind	9
reminded	9
reminding	2
reminds	4
remnant	3
remonstrance	2
remonstrated	1
remorse	1
remove	1
removed	10
remuneration	1
render	1
rendered	8
rendering	1
renders	2
rending	1
renew	2
renewed	2
renewing	1
renounce	1
renowned	1
rent	1
rented	1
renunciation	1
repaid	1
repaired	1
repassing	1
repast	1
repay	1
repeal	1
repeat	2
repeated	4
repeating	1
repelling	1
repentance	1
repentant	1
replaced	1
replete	1
replied	19
replies	1
reply	3
report	1
reported	3
reports	3
repose	4
reposed	2
reposes	1
represent	6
representation	1
representatives	2
represented	3
represents	2
repress	1
repressed	3
reproach	1
reprobate	1
reproduction	1
reproof	1
reprove	2
reproved	3
republican	2
republics	1
repulse	1
repulsed	1
repulsive	1
reputation	3
requested	3
required	3
requires	6
requiring	2
requisition	1
rescue	1
resemblance	4
resemblances	1
resemble	1
resembles	3
resembling	1
resent	1
resented	1
resentment	2
reservoir	1
reside	1
resided	1
residence	3
residing	1
resignation	2
resigned	2
resist	1
resistance	2
resisted	1
resisting	1
resolutely	2
resolutions	2
resolved	4
resolving	1
resort	2
resorts	1
resounded	1
resounding	2
respect	15
respectability	1
respectable	5
respectful	2
respectfully	3
respective	1
respects	5
resplendent	2
responded	1
response	3
responses	1
responsibility	4
responsible	2
rest	13
rested	2
resting	3
restless	10
restlessness	2
restore	5
restored	4
restores	1
restoring	1
restrained	4
restraint	2
restraints	3
rests	5
result	8
results	8
resumed	2
resurrection	8
retail	1
retain	3
retaining	1
retaliate	1
retaliation	2
retire	2
retired	1
retirement	1
retiring	1
retreat	1
retreating	3
return	19
returned	21
returning	4
returns	3
rev	5
reveal	6
revealed	10
revealing	4
reveals	2
revelation	5
revelations	3
revenge	6
revenged	1
reverence	16
reverential	4
reverse	1
revived	1
revolution	9
revolutionary	1
revolutions	2
revolved	2
revolves	1
revolving	3
reward	4
rewarded	1
rewards	1
reynolds	2
rhinoceros	1
rhodes	1
ribbon	2
ribbons	3
rich	23
richard	3
richer	4
riches	3
richest	1
richly	1
rid	1
ride	5
ridge	1
ridicule	3
ridiculous	3
riding	4
rife	1
rig	1
rigging	2
right	28
righteous	1
rights	5
rigid	4
rill	1
ring	10
ringing	2
ringlets	3
rings	4
riots	1
ripe	1
ripened	1
rippling	3
rise	13
risen	4
rises	10
rising	16
risk	3
rites	1
ritual	1
rival	1
rivalry	1
rivals	1
rive	1
river	20
rivers	4
riveted	1
rivulet	1
road	7
roads	3
roar	2
roaring	5
roars	1
robbed	2
robbers	2
robbery	1
robe	2
robed	1
robes	3
robins	1
robinson	1
rock	8
rockets	2
rocks	4
rocky	2
rod	2
rode	1
rogers	1
roguish	1
roland	1
roll	3
rolled	7
rolling	9
rolls	5
roman	3
romance	4
romances	1
romantic	6
rome	5
romish	1
roof	16
roofs	2
room	21
rooms	7
root	3
roots	4
ropes	3
rose	25
roseate	2
roses	2
rosy	3
rotation	1
rote	1
rough	2
round	58
roundabout	1
rouse	1
roused	5
route	1
routine	1
roving	2
row	3
rows	2
royal	7
rub	1
rubbish	1
rubies	1
ruby	1
rude	13
rudely	3
rudeness	1
rudiments	1
rugged	5
ruin	3
ruined	3
ruins	6
rule	4
rum	2
rumoured	1
run	23
runaway	1
rung	2
running	7
runs	1
rupees	1
rural	5
rush	3
rushed	1
rushes	1
rushing	1
russia	5
russian	4
rustic	1
rustling	1
ruthless	1
s	1
sabbath	3
sable	1
sac	1
sacrament	1
sacred	20
sacrifice	3
sacrificed	3
sacrifices	1
sad	16
saddened	2
saddle	1
sadly	2
sadness	9
safe	6
safely	3
safer	1
safety	8
sagacious	3
sage	1
sago	1
said	134
sail	3
sailed	2
sailing	2
sailor	9
sailors	8
sails	4
saint	5
saintly	1
saints	4
sake	3
sakes	1
sale	6
sales	2
salt	1
salubrious	1
salutary	1
salutations	1
salute	2
saluted	1
salutes	2
salvation	2
same	82
sample	2
samuel	7
san	1
sanction	1
sanctions	1
sanctuary	4
sand	7
sands	1
sandy	2
sang	2
sanguinary	1
sanguine	1
sappho	1
sarcasm	2
sarcastic	1
sarcophagus	2
sat	14
satan	4
sated	1
satin	2
satire	1
satirical	1
satisfaction	1
satisfactory	1
satisfied	2
satisfies	1
satisfy	4
saturn	2
sav	2
savage	8
savages	5
save	7
saved	3
saves	1
saving	1
saviour	9
saw	60
sawing	1
sawney	1
saxon	1
say	67
saying	8
sayings	1
says	41
scalding	1
scale	3
scamper	1
scanty	3
scarce	1
scarcely	15
scarf	1
scarlet	1
scars	1
scattered	7
scene	17
scenery	9
scenes	11
scepticism	2
schism	1
school	11
schools	13
schooner	1
science	6
scientific	1
scissors	1
scooped	1
scorched	1
scorching	2
scorn	9
scorned	2
scornfully	1
scotch	7
scotchman	4
scotchmen	1
scotland	5
scotsman	1
scott	4
scottish	1
scramble	2
scrap	1
scrape	1
scream	2
screamed	1
screaming	1
screams	1
screech	1
screen	1
screened	1
scripture	5
scriptures	2
scroll	2
scrupulously	1
sculptor	1
sculpture	1
sculptured	2
sea	48
sealed	1
seamen	1
search	7
searched	1
searcher	1
searches	1
seas	2
seashore	2
season	6
seasons	7
seat	4
seated	4
seats	4
secluded	2
second	6
secondly	2
secret	5
secretly	1
secrets	2
sect	7
sectarian	6
sectaries	1
sects	13
secure	1
securely	1
security	2
seduce	1
see	119
seed	8
seeds	1
seeing	6
seek	9
seeking	4
seeks	5
seem	23
seemed	44
seeming	4
seems	25
seen	32
seer	1
sees	14
seeth	1
seine	1
seize	1
seized	3
seldom	3
select	1
selected	1
self	12
self-preservation	1
selfish	10
selfishness	5
selfsame	2
sell	10
seller	1
selling	1
semicircular	1
senators	1
send	16
sending	2
sends	4
sensation	6
sensations	1
sense	13
senseless	3
senses	6
sensible	1
sensitive	1
sensual	2
sensuality	4
sent	31
sentence	2
sentenced	1
sentences	1
sentiment	18
sentiments	2
separate	3
separated	4
separately	1
separation	3
sept	1
september	8
sepulchre	2
sequestered	1
seraph	3
serene	5
serenely	2
serenity	1
series	6
serious	9
seriously	3
sermon	1
serpent	3
serpents	1
servant	4
servants	6
serve	3
serves	1
service	16
services	5
servile	1
serving	2
set	16
setting	6
settle	4
settled	8
settlers	5
settles	1
seven	6
seventeen	2
seventh	1
seventy-six	1
several	20
severe	7
severity	2
sewing	1
sex	3
sexes	1
shade	4
shaded	8
shadow	19
shadows	19
shadowy	5
shady	3
shaggy	1
shake	3
shakes	2
shakespeare	3
shall	82
shallow	1
shalt	5
sham	4
shame	2
shameful	2
shan't	1
shape	7
shapes	2
share	3
shared	1
shares	1
sharing	1
sharp	4
shattered	1
shaven	1
shaving	3
shawl	5
shawls	1
she	236
sheaf	2
shed	5
sheet	2
shell	2
shells	1
shelter	7
sheltered	3
shelves	1
shepherd	1
shepherds	2
sheriff	4
sheriffs	1
shield	1
shifting	2
shilling	1
shine	2
shines	1
shingle	3
shining	10
ship	15
shipboard	1
shipping	2
ships	4
shirt	1
shirts	1
shivering	5
shock	1
shocked	2
shocking	1
shoe	1
shoes	4
shone	6
shook	3
shoots	1
shop	8
shops	1
shore	7
shores	7
short	14
shortening	1
shorter	1
shortly	1
shortsighted	1
shot	3
should	129
shoulder	2
shoulders	2
shout	2
shouting	6
shouts	4
show	17
showed	7
shower	4
showers	1
showing	1
shown	11
shows	7
shrewd	3
shrewdly	1
shrewdness	2
shrewsbury	1
shriek	3
shrieking	1
shrill	5
shrine	3
shrines	1
shrivelled	1
shroud	2
shrubs	1
shudder	1
shuddering	1
shuffling	1
shut	15
shuts	1
shutters	1
sick	1
sickly	4
siddons	1
side	33
sides	6
sigh	1
sighed	1
sighing	1
sight	21
sights	3
sign	3
significance	14
significant	4
significantly	2
signification	2
signified	1
signifies	2
signify	1
signore	2
signs	3
silence	13
silenced	1
silent	13
silently	2
silk	9
silken	1
silly	1
silver	10
silvery	3
similar	7
simple	14
simplest	3
simplicity	5
simply	9
sin	10
sinai	1
since	20
sincere	5
sincerely	1
sincerity	3
sinful	2
sing	21
singing	10
single	8
singled	2
sings	2
singular	8
singularly	6
sinking	2
sinks	1
sinned	1
sinner	4
sinners	7
sins	5
sion	1
sir	8
sister	7
sisterhood	1
sisters	2
sit	4
site	4
sits	4
sitting	3
situated	1
situation	10
situations	1
six	9
sixpence	1
sixteen	2
sixty	3
size	1
skeletons	1
sketch	3
sketches	1
skies	7
skiff	1
skilful	2
skill	5
skin	2
skins	2
skirmishes	1
skull	2
skulls	1
sky	25
slab	1
slabs	1
slate	1
slave	25
slaveholders	3
slavery	17
slaves	16
sleek	1
sleep	13
sleeping	8
sleepless	1
sleeps	3
sleeve	1
sleeves	1
slender	1
slept	8
slight	8
slightest	5
slightly	4
slim	1
slip	1
slippers	1
slippery	2
sloop	2
slough	1
slow	11
slowly	15
sluggish	1
slumbering	3
sly	2
small	45
smaller	2
smallest	2
smart	1
smell	1
smells	1
smile	9
smiled	6
smiles	5
smiling	7
smith	4
smoke	7
smoked	2
smoking	2
smooth	3
snake	8
snap	1
snapped	2
snatch	1
snatched	1
snow	6
snows	2
snowy	5
snuff	1
snug	3
so	286
soar	1
soaring	1
sobbed	1
sober	3
sobriety	1
social	17
societies	5
society	79
soft	13
soften	3
softened	6
softening	1
softer	1
softly	1
soil	6
soiled	2
sold	11
soldier	2
soldiers	1
solemn	15
solemnities	1
solemnity	3
solemnly	1
solitary	3
solitude	3
solomon	1
sombre	1
some	145
somebody	3
something	36
sometime	2
sometimes	28
somewhat	17
somewhere	3
son	13
sone	1
song	16
songs	2
songsters	1
sonorous	2
sons	2
soon	30
sooner	1
soothe	1
soothing	1
sorrow	16
sorrowful	1
sorrowing	1
sorrows	3
sorry	1
sort	10
sorts	4
sought	9
soul	140
souls	39
sound	34
sounded	3
sounding	2
soundly	1
sounds	20
source	3
south	4
southern	8
southwest	2
sovereigns	1
sow	1
space	9
spacious	5
spade	1
spain	5
spake	2
spangled	1
spaniards	3
spanish	8
spared	1
spares	1
sparing	1
spark	3
sparkle	1
sparkling	11
sparks	2
sparrows	1
speak	35
speaking	13
speaks	14
special	1
species	4
specimen	2
specimens	4
spectacle	3
spectacles	1
spectators	4
speculation	4
speculators	4
speech	3
speed	5
spell	3
spend	2
spending	1
spent	5
spheres	1
sphinx	1
spider	2
spies	2
spiral	7
spire	2
spires	3
spirit	72
spirited	3
spirits	28
spiritual	59
splendid	6
splendour	5
splinters	1
spoke	16
spoken	10
sponge	1
spontaneous	6
spontaneously	3
sport	1
sports	1
spot	8
spotless	2
spots	2
spouting	1
sprang	1
spread	6
spreading	2
spreads	2
sprig	1
spring	17
springs	4
sprinkle	1
sprinkled	2
sprung	1
spur	1
spurs	1
spy	3
squalid	1
square	1
squares	1
squeaking	1
squirrels	2
st	16
stabbed	1
stable	1
staff	1
stage	4
staggering	1
stagnant	1
stained	1
stake	2
stalking	1
stall	3
stammering	1
stamping	2
stamps	1
stances	1
stand	19
standard	4
standards	2
standing	7
stands	27
star	4
stare	1
stared	1
staring	2
starry	1
stars	18
start	2
started	3
starting	1
startled	3
startling	1
starts	1
starving	1
state	38
stated	2
stately	2
staten	5
states	3
station	1
stationed	1
statue	3
statues	3
stature	2
statute	1
stay	10
stayed	1
stays	1
stead	1
steadily	2
steady	1
steal	2
stealing	3
steam	6
steamboat	8
steamboats	1
steed	1
steeds	1
steel	4
steep	5
steeple	2
steeples	1
steered	1
stem	1
step	6
stephen	1
stepmother	1
stepped	3
stepping	2
steps	9
stern	5
sterner	1
stick	2
sticks	4
stiff	1
stifled	3
stifling	4
still	59
stillness	11
stimulated	1
stimulating	2
stimulus	1
stinging	2
stinted	1
stir	3
stirred	5
stirring	2
stirs	2
stitch	1
stock	7
stockings	2
stocks	1
stomach	1
stone	23
stoned	1
stones	14
stony	1
stood	36
stooped	1
stooping	1
stoops	1
stop	5
stopped	8
stopping	1
stops	1
store	2
storehouses	1
stores	1
storeys	8
stork	4
storm	6
stormy	1
story	17
stout	1
straight	5
strain	9
strained	1
strains	2
strand	1
strange	28
strangely	4
stranger	11
strangers	7
strangest	5
straps	1
straw	4
straws	1
streaked	1
stream	4
streams	1
street	45
streets	21
strength	14
strengthen	3
strengthened	1
strengthening	2
stretch	3
stretched	1
stretching	2
strewed	1
strewn	1
strict	4
strictly	2
strike	1
strikes	2
striking	4
strikingly	1
string	2
strings	3
stripes	2
strive	5
strives	2
striving	3
stroke	1
strokes	1
strong	35
stronger	4
strongest	2
strongly	9
strove	1
struck	11
structure	4
structures	3
struggle	2
struggled	4
struggles	3
struggling	5
stubble	5
stubborn	1
study	1
stuffed	2
stumbling	1
stung	1
stunned	2
stupid	3
stupor	1
style	7
styles	1
subdivided	1
subdivisions	1
subdued	1
subject	12
subjection	2
subjects	4
sublime	3
sublimely	1
sublimest	1
submarine	2
submission	1
subordinate	1
subordination	3
subscription	1
subsequent	1
subsequently	1
subsiding	1
subsist	1
substance	5
substances	1
substitute	1
subterfuge	1
suburbs	1
succeeded	1
succeeding	1
success	2
successful	1
successfully	1
succession	5
successive	2
such	142
sudden	9
suddenly	14
suffer	4
suffered	10
sufferer	1
suffering	8
suffers	1
sufficient	9
sufficiently	3
sugar	1
suggest	1
suggested	3
suggests	1
suicide	2
suit	2
suited	2
sultan	2
sultana	1
sultry	1
sum	1
summer	16
summerhouse	1
summit	2
summon	1
summoned	1
sun	36
sunbeam	5
sunbeams	3
sunday	4
sundays	2
sung	6
sunk	3
sunny	11
suns	1
sunset	5
sunshine	22
superb	2
supercilious	1
superfluity	1
superfluous	1
superintendence	1
superintendent	2
superior	4
superiority	2
superiors	1
supernatural	4
superstition	8
superstitions	2
superstitious	5
supper	4
supple	1
supplied	5
supply	5
support	6
supported	4
suppose	8
supposed	7
supposing	3
suppress	1
suppressed	1
suppressing	1
sure	15
surely	13
surface	9
surge	1
surgeon	2
surmounted	6
surpassed	1
surplice	1
surprise	8
surprised	5
surprising	1
surround	4
surrounded	11
surrounding	4
surrounds	1
susceptible	2
suspect	1
suspected	3
suspended	3
suspension	1
suspicion	3
sustain	4
sustained	3
sustaining	1
swallow	3
swallowed	2
swallows	7
swamps	1
swan	1
swarm	1
swarming	2
swarthy	1
sway	2
sweden	1
swedish	1
sweep	3
sweeping	2
sweet	37
sweeter	1
sweetest	1
sweetly	6
sweetness	3
swell	2
swelled	3
swelling	2
swept	1
swift	4
swifter	1
swiftly	1
swim	1
swine	3
swinging	1
swiss	3
switzerland	1
swore	3
sybil	2
sycamore	1
syllable	2
sylvan	2
sylvia	3
symbol	4
symbolical	2
symbols	4
sympathies	10
sympathise	3
sympathising	2
sympathy	14
symptoms	3
synagogue	8
synod	1
synods	1
syria	2
system	9
systematic	1
systems	1
t'other	1
tabernacle	2
table	6
tables	6
tablet	2
tablets	1
tacit	1
tail	1
tailor	1
tails	1
take	50
taken	21
takes	9
taking	8
tale	2
talent	1
talk	18
talked	4
talking	3
talks	2
tall	10
tallest	1
tame	1
tamed	1
tamer	1
tangible	1
tangled	3
tap	1
tape	1
taper	1
tardy	1
tarnished	1
tarquin	1
tars	1
tartars	1
task	4
tasks	1
taste	10
tasteful	2
tattered	4
taught	12
tavern	3
tax	1
taxes	1
taylor	1
teach	11
teacher	2
teachers	3
teaches	4
teaching	3
tear	1
tearful	1
tearing	1
tears	20
teeth	3
telescope	1
tell	36
tells	4
temper	1
temperament	4
temperance	10
temperate	1
tempered	1
tempest	1
temple	13
temples	2
temporal	1
temporary	4
tempt	6
temptation	6
temptations	6
tempted	3
tempting	1
ten	18
tenants	3
tend	4
tended	5
tendencies	3
tendency	8
tender	5
tenderhearted	1
tenderly	2
tenderness	10
tenders	1
tending	5
tendrils	1
tends	2
tenement	2
tenfold	2
tents	1
ter	1
term	1
terminated	1
termination	1
terms	3
terrace	2
terrible	4
terrific	3
terrified	1
terrify	1
terror	10
test	2
testament	2
testified	1
testifies	3
testify	2
testimony	3
texas	1
text	1
thai	4
than	167
thank	8
thanked	2
thankful	4
thanks	6
that	1005
thatched	1
the	6024
theatre	5
theatres	1
theatrical	2
thee	39
their	421
theirs	2
them	281
theme	2
themselves	39
then	107
thence	2
thenceforth	1
theological	9
theology	5
theories	1
theorists	1
theory	14
there	263
thereat	1
thereby	7
therefore	34
therefrom	2
therein	7
thereof	4
thereon	4
therewith	2
these	145
they	553
they're	1
thick	6
thickly	1
thief	1
thieves	2
thieving	1
thine	6
thing	29
things	90
think	67
thinking	5
thinks	6
third	6
thirds	1
thirst	1
thirsty	1
thirty	11
this	459
thistle	1
thither	5
thomas	3
thompson	1
thor	3
thorny	1
thoroughfare	2
thoroughly	2
those	107
thou	73
though	75
thought	95
thoughtful	7
thoughtless	1
thoughts	36
thousand	32
thousands	6
thraldom	1
threadbare	1
threats	1
three	30
threshold	1
threw	5
thrice	1
thrift	1
thrilling	1
thrive	1
thriving	2
throat	1
throats	1
throbbing	1
throne	5
throng	6
thronged	2
thronging	1
through	140
throughout	10
throw	15
throwing	1
thrown	9
throws	4
thrust	4
thunder	7
thundering	3
thunders	1
thursday	1
thus	103
thy	46
thyself	8
tick	1
tickets	1
tickling	1
tide	7
tidings	2
tie	1
tied	5
tightly	1
till	33
tilt	1
timber	2
time	108
times	25
timid	1
timidity	1
tin	1
ting	2
tinged	3
tinkling	1
tinsel	1
tinted	3
tints	1
tip	2
tipped	1
tiptoe	1
tired	4
tis	6
title	2
titus	1
tn	1
to	2201
toad	1
tobacco	3
today	10
todd	4
toe	2
together	29
toil	7
toiled	1
toilette	1
toiling	2
toit	1
token	2
tokens	4
told	46
tolerated	1
toll	1
tolling	1
tom	4
tomb	3
tombs	4
tome	1
tomorrow	3
tone	12
tones	30
tongue	4
tongued	1
tonnage	1
too	82
took	27
tool	1
tools	1
tooth	3
top	5
topmost	1
tops	2
torch	1
tore	1
tories	1
torment	1
tormented	2
tornado	1
torpid	1
torrent	1
torture	3
tortured	1
tossed	4
total	1
touch	5
touched	9
touches	3
touching	7
toward	17
towards	2
tower	5
towered	1
towers	2
town	1
towns	2
township	1
toys	1
trace	3
traced	1
traces	1
trackless	1
tract	2
trade	25
trader	3
trades	3
trading	3
tradition	7
traditionary	1
traditions	2
tragedy	1
tragic	2
tragical	1
trailing	5
train	3
trained	3
training	2
trait	2
traitors	1
trampled	1
tranquillity	1
transaction	6
transactions	1
transferred	1
transformed	1
transgression	1
transit	1
translated	3
translation	1
transmigration	2
transmit	1
transmitted	3
transparent	3
trappings	2
travel	2
travelled	1
traveller	7
travellers	2
travelling	4
traversed	1
traversing	1
treacherous	1
treachery	1
tread	3
treading	1
treads	1
treason	1
treasures	1
treat	10
treated	13
treaties	1
treatment	3
treaty	2
treble	2
tree	30
trees	33
trembling	4
tremendous	3
trench	1
tri	1
trial	3
trials	1
tribe	14
tribes	10
tribute	1
trick	2
tricks	2
tried	16
tries	1
trifling	1
trim	2
trimmed	1
triumph	3
triumphant	2
trivial	1
trod	1
trodden	1
troop	4
troops	2
troubled	10
troubles	1
troublesome	3
trousers	2
true	52
truest	3
truly	10
trump	1
trumpet	7
trumpets	2
trunk	4
trust	15
trusted	4
trustees	2
trusting	5
trusts	2
truth	38
truths	7
try	6
trying	6
tu	1
tub	1
tube	1
tufted	1
tug	1
tumbles	1
tumbling	3
tumult	3
tumultuous	2
tune	13
tuned	1
tuneful	2
tunes	2
turban	1
turbid	1
turbulent	1
turkish	2
turks	2
turn	18
turned	19
turning	2
turns	3
turret	1
turrets	1
twelve	7
twenty	6
twenty-five	2
twenty-four	1
twenty-one	1
twenty-six	1
twere	4
twice	3
twilight	14
twin	1
twine	3
twined	3
twining	2
twinkling	2
twist	1
twisted	2
twisting	1
two	83
twofold	1
type	9
types	5
tyranny	2
ugliness	3
ugly	3
ultimate	1
ultimately	1
unable	2
unacceptable	1
unaccountable	2
unacquainted	1
unadorned	1
unasked	1
unbelief	1
unbelieving	1
unblest	2
unblushing	1
unbroken	1
uncertain	1
uncertainty	1
unchangeable	1
unchanged	1
uncle	1
uncomfortable	1
uncommon	5
uncommonly	1
unconquerable	1
unconscious	5
uncontrolled	1
uncouth	6
uncovered	3
uncultivated	1
undefined	1
undeniable	1
under	58
underground	2
understand	18
understands	1
understood	7
undiminished	1
undisguised	1
undisturbed	1
undo	1
undoubted	2
undulating	5
undulation	1
uneasiness	1
uneasy	1
unequal	2
unexampled	1
unexpected	3
unexpectedly	1
unfathomable	1
unfavourable	2
unfettered	2
unfinished	3
unfit	3
unfitness	1
unfortunate	7
unfortunately	1
unfrequently	2
unfurled	1
ungoverned	1
ungrateful	1
unhappiness	1
unhappy	2
unheard	2
unholy	1
unimportant	1
unintelligible	1
uninterrupted	1
union	7
unit	1
unite	2
united	4
united-states	5
uniting	1
unity	1
universal	38
universally	2
universe	27
unjust	3
unknown	8
unlawful	1
unless	8
unlettered	1
unlike	3
unlimited	2
unlooked-for	1
unlucky	1
unmanly	1
unmeaning	1
unmindful	1
unmixed	1
unmoved	1
unnatural	2
unnecessarily	1
unnoticed	2
unpleasant	2
unpleasing	1
unprincipled	1
unprofitable	3
unpunished	1
unqualified	1
unquiet	1
unreasonable	1
unrivalled	4
unsafe	1
unsatisfied	3
unseen	3
unsettled	1
unshaken	1
unsheathed	1
unsightly	1
unspotted	1
unsuccessful	1
until	17
untimely	1
unto	16
untouched	1
untrue	1
untutored	1
unused	2
unusual	6
unusually	3
unveiled	2
unwholesome	1
unwilling	1
unwise	1
unworthy	1
up	144
upheld	1
upholsterer	1
upon	101
upper	6
upright	2
uproar	1
upset	1
upward	14
upwards	1
urania	1
urchin	2
urge	2
urged	8
urgent	1
urn	2
urns	1
us	113
use	17
used	20
useful	5
useless	4
uses	5
usher	1
usual	11
usually	7
utmost	4
utter	11
utterance	12
uttered	12
uttering	2
utterly	5
utters	2
vagabond	1
vagabonds	2
vagaries	1
vague	1
vain	8
vainly	1
valet	1
valley	6
valleys	2
valuable	3
value	7
valve	1
vanished	1
vanishing	2
vanity	4
vapour	3
variance	1
variation	1
variations	2
varied	4
variegated	1
varies	2
varieties	4
variety	14
various	12
vase	4
vases	3
vast	5
vault	2
vegetable	4
vegetables	1
vegetation	1
vehemence	1
veil	12
veiled	6
veils	1
vein	1
vellum	1
velvet	7
venerable	7
venerate	1
veneration	6
vengeance	5
vented	1
venting	1
venture	3
ventures	1
venus	1
vera	1
verbs	1
verdant	9
verdict	1
verdure	2
verge	1
verging	1
veriest	1
verily	5
verity	1
vernal	2
vernon	1
verse	1
very	119
vespasian	1
vessel	9
vessels	5
vest	1
vestal	1
vestiges	1
vestry	1
vests	1
vexation	2
vexations	1
vexatious	1
vexed	2
vi	2
vibrate	1
vibration	3
vibrations	3
vice	3
vice-chancellor	1
vices	1
vicinity	3
vicious	8
vicissitudes	1
victim	5
victims	6
victoria	2
victories	3
victory	3
vied	1
vienna	1
view	13
viewed	2
views	2
vigorous	6
vigour	1
vii	3
viii	2
vile	1
vilest	1
village	7
villages	3
villain	2
villainous	1
villainy	1
vindictive	1
vines	9
violating	1
violations	1
violence	3
violent	2
violet	1
violets	3
violin	3
virgin	3
virginian	1
virgins	1
virtue	8
virtues	4
virtuous	1
visible	13
visibly	1
vision	9
visions	10
visit	7
visited	11
visiter	2
visiting	2
visitors	4
vista	2
vital	1
vitality	3
vivacity	2
vivid	3
viz	1
vogue	1
voice	53
voices	16
volcanoes	1
volition	1
volleys	1
volume	5
volumes	1
voluntarily	1
volunteered	1
voluptuous	1
von	1
vote	1
voted	2
votive	1
vouch	1
vow	1
vowels	1
voyage	1
voyages	2
vulgar	2
vulture	2
wa	1
wafted	1
wag	1
wager	1
wages	1
wagon	2
wagons	1
wail	1
wailing	10
waist	1
waistcoat	1
wait	3
waited	2
waiting	6
wake	2
waked	1
wakened	1
waking	2
walk	18
walked	16
walker	1
walking	8
walks	6
wall	14
walled	1
walls	25
walter	3
wand	4
wander	2
wandered	5
wanderer	4
wanderers	2
wandering	9
wanderings	1
want	35
wanted	18
wanting	6
wantonly	1
wants	5
war	31
warble	1
warbled	2
warbler	1
warbling	3
wardrobe	1
warehouses	2
warfare	2
warlike	2
warm	9
warmed	1
warmer	1
warmly	1
warms	1
warmth	7
warning	1
warnings	1
warrant	1
warrior	4
warriors	2
was	725
wash	4
washed	1
washing	1
washington	20
wasp	1
waste	2
wasted	1
wastes	1
watch	12
watched	4
watches	2
watching	7
watchman	3
watchmen	1
water	54
watered	1
waters	33
waterworks	1
watts	1
wave	3
waved	5
wavering	1
waves	15
waving	6
waxen	1
way	38
wayward	3
we	249
we're	1
weak	3
weakness	4
weaknesses	2
wealth	19
wealthy	4
weaned	1
weapons	3
wear	7
wearied	1
weariness	1
wearing	3
wearisome	2
wears	2
weary	12
weather	4
weave	2
wedded	2
wedding	2
weed	3
weeds	1
week	18
weekly	2
weeks	5
weel	1
weep	3
weeping	6
weeps	3
weight	2
weights	1
welcome	18
welfare	1
well	101
well-known	4
wellington	1
wells	3
wen	1
went	56
wept	8
were	332
wert	2
west	8
west-india	1
west-indies	3
western	6
wet	1
wharf	3
wharves	1
what	169
whatever	8
whatsoever	6
wheat	1
wheel	3
wheeled	1
wheeling	3
wheels	4
when	261
whence	12
whenever	9
where	105
whereas	1
whereat	1
whereby	3
wherein	2
wheresoever	1
whereunto	1
whereupon	2
wherever	4
wherewith	1
whether	37
which	357
while	61
whilst	1
whim	1
whining	1
whip	2
whipping	2
whips	2
whirl	3
whirling	2
whirlpool	1
whirlpools	1
whirls	1
whispered	4
whispering	3
whispers	1
whistle	2
whistled	1
whistling	3
white	42
whiteness	1
whiter	1
whites	1
whitfield	1
whither	6
who	230
whoever	2
whole	61
wholesome	2
wholly	2
whom	21
whose	40
whoso	2
whosoever	7
why	38
wicked	6
wickedness	2
wide	5
widely	1
widens	1
wider	2
widest	1
widow	1
width	1
wife	17
wight	1
wild	27
wilderness	10
wildest	4
wildly	1
wildness	1
wilful	2
wilfully	1
will	226
william	8
williams	1
willing	9
willow	6
willows	2
wilt	14
win	1
wind	21
winding	3
windings	1
window	20
windows	15
winds	4
wine	2
wines	1
wing	1
winged	8
wings	16
wink	1
winning	2
winter	9
wintery	4
wiped	1
wisdom	9
wise	13
wisely	6
wiser	6
wisest	5
wish	19
wished	4
wishes	6
wishing	3
wit	1
witch	1
witchcraft	1
with	879
withal	1
withered	2
within	62
without	71
witness	12
witnessed	9
witnesses	6
witnessing	2
witty	2
wives	2
wizard	1
woeful	1
woes	1
wolf	3
wolves	3
woman	55
women	54
won	2
wonder	12
wonderful	8
wonderfully	1
wondering	1
wonders	4
wondrous	1
wont	3
wood	19
wooded	2
wooden	7
woodland	1
woodman	1
woods	7
word	39
words	24
wordsworth	2
wore	3
work	36
worked	4
workers	1
worketh	2
working	4
workmanship	2
workmen	1
works	7
world	132
worldly	2
worn	7
worse	9
worship	20
worshipped	5
worshippers	1
worshipping	2
worst	8
worth	8
worthy	6
would	263
wouldn't	2
wouldst	8
wound	4
wounded	3
woven	3
wrapped	3
wraps	1
wrath	2
wreath	3
wreathed	4
wreaths	2
wretch	2
wretched	5
wretchedly	1
wretchedness	1
wretches	3
writ	1
write	26
writer	1
writers	1
writes	5
writhing	1
writing	5
writings	2
written	25
wrong	17
wronged	1
wrongs	3
wrote	5
wrought	8
xi	2
xii	2
xiii	2
xiv	2
xix	2
xliii	1
xv	2
xvi	2
xvii	1
xviii	2
xx	2
xxi	2
xxii	2
xxiii	2
xxiv	2
xxix	2
xxv	2
xxvi	2
xxvii	2
xxviii	2
xxx	2
xxxi	2
xxxii	2
xxxiii	2
xxxiv	2
xxxix	2
xxxv	2
xxxvi	2
xxxvii	2
xxxviii	2
yacht	1
yard	3
yawning	1
ye	17
yea	2
year	34
years	76
yellow	6
yells	1
yes	11
yesterday	4
yet	85
yield	1
yielded	2
yielding	2
yields	1
yon	3
yonder	2
york	28
you	296
you'd	4
you'll	1
you're	3
you've	1
young	71
younger	3
your	44
yours	1
yourself	1
youth	19
youthful	6
zeal	3
zealots	1
zealous	2
zigzag	1
zion	1
zone	2
zoophytes	1
